English Text (en_xx),Malayalam Text (ml_xx)
"en_xx: He decided to spend the night there. He saw to it that all the sheep entered through the ruined gate, and then laid some planks across it to prevent the flock from wandering away during the night.","ml_xx: ആ രാത്രി അവിടെ കഴിച്ചുകൂട്ടാന്‍ അവന്‍ തീരുമാനിച്ചു. തകര്‍ന്നു കിട ന്നിരുന്ന പടിവാതിലിലൂടെ ആടുകളെ ഒന്നൊഴിയാതെ അവന്‍ അകത്തേക്കു തെളിച്ചു. രാത്രിയില്‍ അവ അലഞ്ഞു തിരിയുന്നതു തടയാനായി അവിടെ കിടന്നിരുന്ന രണ്ടു പൊളിഞ്ഞ മരപ്പലകകളെടുത്തു പടിവാതില്‍ അടച്ചുറ പ്പിച്ചു. ശ്രദ്ധിക്കാതെ പറ്റുമോ? ആ പരിസരത്തൊന്നും ചെന്നായ്ക്കളുടെ ശല്യമില്ല. എങ്കിലും ആട്ടിന്‍കുട്ടികളല്ലേ? തരം കിട്ടിയാല്‍ അവ പുറത്തേക്കു ചാടും. ഒരിക്കല്‍ അങ്ങനെയൊരബദ്ധം പറ്റി. ഒരു കുഞ്ഞാട്‌ അവന്റെ കണ്ണുവെട്ടിച്ച്‌ രാത്രി പുറത്തേക്കു ചാടി. പിറ്റേന്നു മുഴുവന്‍ സമയവും അവനു തെണ്ടിത്തിരയേണ്ടിവന്നു, അതിനെ കണ്ടുപിടിച്ച്‌ വീണ്ടും കൂട്ടത്തിലെത്തി ക്കാന്‍."
"en_xx: I wanted to sleep a little longer, he thought. He had had the same dream that night as a week ago, and once again he had awakened before it ended.","ml_xx: കുറച്ചുനേരം കൂടി ഉറങ്ങാമായിരുന്നുവെന്ന്‌ അവനു തോന്നി. ആ സ്വപ്ന മാണ്‌ പെട്ടെന്നു തന്നെ ഉണര്‍ത്തിയത്‌. കഴിഞ്ഞയാഴ്ചയും കണ്ടു, ഇതേ സ്വപ്നം. അന്നും ഇതുപോലെതന്നെ. മുഴുവന്‍ കാണും മുമ്പേ ഞെട്ടിയു ണര്‍ന്നു."
"en_xx: The boy prodded them, one by one, with his crook, calling each by name. He had always believed that the sheep were able to understand what he said. So there were times when he read them parts of his books that had made an impression on him, or when he would tell them of the loneliness or the happiness of a shepherd in the fields. Sometimes he would comment to them on the things he had seen in the villages they passed.",ml_xx: കൂട്ടത്തില്‍ ചില മടിയന്മാരുണ്ട്‌. നല്ലവണ്ണം തട്ടിവിളിച്ചാലേ എഴു ന്നേല്‍ക്കു എന്നു ശാഠ്യം പിടിക്കുന്നവര്‍. അത്തരക്കാരെ വടിയുടെ അറ്റം കൊണ്ട തെല്ലു ബലമായൊന്നു തട്ടി ഓരോന്നിനെയും പേരു വിളിച്ച്‌ അവന്‍ എഴുന്നേല്പിച്ചു. താന്‍ പറയുന്നതൊക്കെ തന്റെ ആടുകള്‍ മനസ്സിലാക്കു ന്നുണ്ട്‌ എന്നായിരുന്നു അവന്റെ വിശ്വാസം. അതുകൊണ്ടുതന്നെ പുല്ലും വെള്ളവും തേടി ഈരു തെണ്ടുന്നതിനിടയില്‍ അവറ്റയോട്‌ മിണ്ടുകയും പറയുകയും അവന്‌ ഒരു രസമായിരുന്നു. ഇടയ്ക്ക്‌ താന്‍ വായിക്കുന്ന പുസ്തകങ്ങളിലെ രസകരമായ ഭാഗങ്ങള്‍ അവന്‍ അവയെ വായിച്ചു കേള്‍ പ്പിക്കും. ചിലപ്പോള്‍ ഒരു പാവം ഇടയന്റെ ഏകാന്തജീവിതത്തിലെ വേദന കളും ആഹ്ളാദങ്ങളും അവയുമായി പങ്കുവെയ്ക്കും. കടന്നുപോകുന്ന വഴിയിലെ കഈതുകമുണര്‍ത്തുന്ന വിശേഷങ്ങളും അവന്‍ അവയ്ക്കു പറഞ്ഞുകൊടുക്കുമായിരുന്നു.
"en_xx: But for the past few days he had spoken to them about only one thing: the girl, the daughter of a merchant who lived in the village they would reach in about four days. He had been to the village only once, the year before. The merchant was the proprietor of a dry goods shop, and he always demanded that the sheep be sheared in his presence, so that he would not be cheated. A friend had told the boy about the shop, and he had taken his sheep there.","ml_xx: പക്ഷേ, കഴിഞ്ഞ ഏതാനും ദിവസങ്ങളായി അവന്റെ വര്‍ത്തമാനം മുഴുവന്‍ ആ പെണ്‍കുട്ടിയെ കുറിച്ചുമാധ്രമായിരുന്നു. ഇനി നാലേനാലു ദിവസത്തെ വഴി. പിന്നെ അവളുടെ ഗ്രാമമായി. ഒരു പലചരക്കു കച്ചവട ക്കാരനായിരുന്നു അവളുടെ അച്ഛന്‍. കഴിഞ്ഞ ഒരു വര്‍ഷം മാത്രമേ അവന്‍ അവിടെ പോയിട്ടുള്ളു. ഒരു ചങ്ങാതിയുടെ നിര്‍ദ്ദേശപ്രകാരം അവന്‍ തന്റെ ആട്ടിന്‍പറ്റത്തെ അവിടെ കൊണ്ടു ചെന്നു. അവയുടെ രോമമെല്ലാം വില യ്ക്കെടുക്കാന്‍ അയാള്‍ തയ്യാറായിരുന്നു. പക്ഷേ, രോമം വെട്ടുന്നത്‌ സ്വന്തം കണ്‍മുമ്പില്‍തന്നെ വേണമെന്ന്‌ അയാള്‍ നിര്‍ബന്ധം പിടിച്ചു... അല്ലെങ്കില്‍ ഇടയന്‍ തന്നെ കബളിപ്പിച്ചാലോ?"
en_xx: “How did you learn to read?” the girl asked at one point.,ml_xx: “അപ്പോ നിങ്ങളെങ്ങനെയാണ്‌ വായിക്കാന്‍ പഠിച്ചത്‌?” അവളുടെ ചോദ്യം.
"en_xx: “Like everybody learns,” he said. “In school.”",ml_xx: “സാധാരണ എല്ലാവരും പഠിക്കുന്നതുപോലെതന്നെ; സ്‌കൂളില്‍ പോയി.” അവന്റെ ഉത്തരം.
"en_xx: “Well, if you know how to read, why are you just a shepherd?”","ml_xx: “അത്രയ്ക്കൊക്കെ പഠിപ്പുണ്ടെങ്കില്‍ പിന്നെ, നിങ്ങള്‍ വെറുമൊരു ആട്ടി ടയനായതെന്തിനാ?"""
"en_xx: “But I’d like to see the castles in the towns where they live,” the boy explained.","ml_xx: “എന്നാലും, അവര്‍ താമസിക്കുന്ന നഗരങ്ങളിലെ കൊട്ടാരങ്ങള്‍ എനിക്കു നേരിട്ടു കാണുകതന്നെ വേണം.” അവന്‍ ശാഠ്യം പിടിച്ചു."
"en_xx: “Those people, when they see our land, say that they would like to live here forever,” his father continued.",ml_xx: “നമ്മുടെ നാടുകാണുന്നവര്‍ പറയാറുള്ളത്‌ അവര്‍ ഇവിടെത്തന്നെ തങ്ങാനാണാഗ്രഹിക്കുന്നത്‌ എന്നാണല്ലൊ.” അവന്റെ പിതാവ്‌ തടര്‍ന്നു പറഞ്ഞു.
"en_xx: “Well, I’d like to see their land, and see how they live,” said his son.",ml_xx: “ആയിക്കോട്ടെ.” അവന്‍ പറഞ്ഞു: “ഞാന്‍ അവരുടെ നാടുകള്‍ കാണാ നാഗ്രഹിക്കുന്നു; അവരെങ്ങനെ ജീവിക്കുന്നു എന്നറിയാനും.”
"en_xx: His father said no more. The next day, he gave his son a pouch that held three ancient Spanish gold coins.",ml_xx: അവന്റെ പിതാവ്‌ പിന്നെയൊന്നും പറഞ്ഞില്ല. പിറ്റേന്നു നേരം പുലര്‍ ന്നതും ഒരു മടിശ്ലീലയെടുത്ത്‌ അവന്റെ കൈയില്‍ കൊടുത്തു. മുന്നു പുരാ തന സ്പാനിഷ്‌ സ്വര്‍ണ്ണനാണ്യങ്ങളായിരുന്നു അതിനുള്ളില്‍.
"en_xx: “I found these one day in the fields. I wanted them to be a part of your inheritance. But use them to buy your flock. Take to the fields, and someday you’ll learn that our countryside is the best, and our women are the most beautiful.”",ml_xx: നിന്റെ പിതൃസ്വത്തിന്റെ ഒരു ഭാഗമായിരിക്കട്ടെ അത്‌. നിന്റെ ആട്ടിന്‍പറ്റത്തെ വാങ്ങാനായി അത്‌ ഉപയോഗപ്പെടുത്തുക. ഇനി നീ പുറപ്പെട്ടോളു. എന്നെ ങ്കിലുമൊരുനാള്‍ നിനക്കു മനസ്സിലാകും നമ്മുടെ നാടാണ്‌ ഏറ്റവും നല്ല തെന്ന്‌. നമ്മുടെ നാട്ടിലെ പെണ്‍കിടാങ്ങളാണ്‌ ഏറ്റവും സുന്ദരികളായിട്ടുള്ള തെന്നും നീ ഒരുനാള്‍ അറിയാനിടയാകും.”
"en_xx: THE OLD WOMAN LED THE BOY TO A ROOM AT THE BACK of her house; it was separated from her living room by a curtain of colored beads. The room’s furnishings consisted of a table, an image of the Sacred Heart of Jesus, and two chairs.",ml_xx: വൃദ്ധ അവനെ തന്റെ വീടിന്റെ പുറകുവശത്തുള്ള ഒരു മുറിയി ആ ലേക്കു കൂട്ടിക്കൊണ്ടുപോയി. പല തരത്തിലുള്ള മുത്തുകള്‍ കോര്‍ത്തുണ്ടാക്കിയ ഒരു മറ പുറംതളത്തില്‍നിന്ന്‌ ആ മുറിയെ വേര്‍തിരി ച്ചിരുന്നു. കര്‍ത്താവിന്റെ തിരുഹൃദയത്തിന്റെ ഒരു പ്രതിരൂപം. ഒരു മേശയും രണ്ടു കസേരകളും. അകത്തളത്തില്‍ അത്രമാത്രമേ ഉണ്ടായിരുന്നുള്ളു.
"en_xx: The woman sat down, and told him to be seated as well. Then she took both of his hands in hers, and began quietly to pray.",ml_xx: ആ സ്ത്രീ നിലത്തു കുത്തിയിരുന്നു. അവനോടും അതുപോലെ ഇരി ക്കാന്‍ പറഞ്ഞു. അവന്റെ കൈപ്പടങ്ങള്‍ രണ്ടും സ്വന്തം കൈയില്‍ ചേര്‍ത്തു പിടിച്ചുകൊണ്ട്‌ അവര്‍ പ്രാര്‍ത്ഥിച്ചു തുടങ്ങി.
"en_xx: But she has the Sacred Heart of Jesus there, he thought, trying to reassure himself. He didn’t want his hand to begin trembling, showing the old woman that he was fearful. He recited an Our Father silently.","ml_xx: “പക്ഷേ, അവര്‍ക്കരികില്‍ യേശുവിന്റെ തിരുഹൃദയമുണ്ടല്ലൊ.” തന്ന ത്താന്‍ ഉറപ്പിക്കാന്‍വേണ്ടി അവന്‍ ചിന്തിച്ചു. തന്റെ കൈ വിറയ്ക്കുന്നത്‌ ആ വൃദ്ധയുടെ ശ്രദ്ധയില്‍ പെടുത്തുവാന്‍ അവനാഗ്രഹിച്ചില്ല. അവന്‍ നിശ്ശു ബ്ദമായി പ്രാര്‍ത്ഥിച്ചു: “സ്വര്‍ഗ്ഗസ്ഥനായ പിതാവേ!”"
"en_xx: The boy was becoming nervous. His hands began to tremble, and the woman sensed it. He quickly pulled his hands away.",ml_xx: 36 ആല്‍കെമിസ്റ്റ്‌ ആ ബാലന്‍ അസ്വസ്ഥനാവുകയായിരുന്നു. അവന്റെ കൈകള്‍ വിറ യ്ക്കാന്‍ തുടങ്ങി. ആ സ്ര്രീയ്ക്ക്‌ അതേറെക്കുറെ മനസ്സിലായെന്നു തോന്നി യപ്പോള്‍ അവന്‍ പെട്ടെന്ന്‌ കൈകള്‍ എടുത്തു മാറ്റി.
"en_xx: “I’m not going to charge you anything now,” she said. “But I want one-tenth of the treasure, if you find it.”","ml_xx: “എനിക്കിപ്പോള്‍ നീ പ്രതിഫലമൊന്നും തരേണ്ട.” തികഞ്ഞ ഗൌരവ ത്തോടെയാണവര്‍ അതു പറഞ്ഞത്‌: “പക്ഷേ, എന്നെങ്കിലും ആ നിധി നീ കൈക്കലാക്കിയാല്‍ അതിന്റെ പത്തിലൊന്ന്‌ എനിക്കു തരണം.”"
"en_xx: “First, swear to me. Swear that you will give me one-tenth of your treasure in exchange for what I am going to tell you.”",ml_xx: “പറയാം. അതിനു മുമ്പ്‌ നീ എനിക്കു വാക്കു തരണം. ഞാന്‍ പറയാന്‍ പോകുന്നതിന്‌ പ്രതിഫലമായി നിനക്കു കിട്ടാന്‍ പോകുന്ന നിധിയുടെ പത്തിലൊന്ന്‌ എനിക്കു തരാമെന്ന്‌.” അവര്‍ വീണ്ടും അതുതന്നെ പറഞ്ഞു.
"en_xx: “I didn’t need to waste my time just for this,” he said.",ml_xx: 38 ആല്‍കെമിസ്റ്റ്‌ “ഇതിനു മാത്രമായി എന്റെ സമയം പാഴാക്കേണ്ടിയിരുന്നില്ല.” അവന്‍ പറഞ്ഞു.
"en_xx: “I told you that your dream was a difficult one. It’s the simple things in life that are the most extraordinary; only wise men are able to understand them. And since I am not wise, I have had to learn other arts, such as the reading of palms.”","ml_xx: “ഞാന്‍ പറഞ്ഞില്ലേ, നിന്റെ സ്വപ്നം സങ്കീര്‍ണ്ണമായ ഒന്നായിരുന്നു എന്ന്‌. ജീവിതത്തിലെ ലളിതമായ കാര്യങ്ങളായിരിക്കും പലപ്പോഴും ഏറ്റവും അസാധാരണമായിത്തീരുക. ബുദ്ധിയുള്ളവര്‍ക്കേ അതു മനസ്സിലാക്കാന്‍ കഴിയു. എനിക്കതില്ല... അതുകൊണ്ട്‌ എനിക്കു മറ്റുവഴികള്‍ നോക്കേണ്ട തുണ്ട്‌ കൈരേഖ വായിക്കലും മറ്റും...”"
"en_xx: “Well, how am I going to get to Egypt?”",ml_xx: “ശരി. ഞാന്‍ എങ്ങനെയാണ്‌ ഈജിപ്റ്റില്‍ ചെന്നെത്തുക?”
en_xx: “I only interpret dreams. I don’t know how to turn them into reality. That’s why I have to live off what my daughters provide me with.”,ml_xx: “സ്വപ്നങ്ങളെ വ്യാഖ്യാനിക്കാനേ എനിക്കാകൂ. അവയെ യാഥാര്‍ത്ഥ്യ മാക്കിത്തീര്‍ക്കാന്‍ എനിക്ക്‌ അറിഞ്ഞുകൂടാ. അതുകൊണ്ടല്ലേ എനിക്ക്‌ എന്റെ പെണ്‍മക്കള്‍ തരുന്നതും കഴിച്ച്‌ ഇവിടെ കഴിഞ്ഞുകൂടേണ്ട ഗതികേടു വന്നത്‌.”
en_xx: “And what if I never get to Egypt?”,"ml_xx: “പക്ഷേ, എനിക്ക്‌ ഈജിപ്റ്റ്വരെ ചെന്നെത്താന്‍ പറ്റിയില്ലെങ്കിലോ?”"
"en_xx: He started to read the book he had bought. On the very first page it described a burial ceremony. And the names of the people involved were very difficult to pronounce. If he ever wrote a book, he thought, he would present one person at a time, so that the reader wouldn’t have to worry about memorizing a lot of names.",ml_xx: ഒരു ശവമടക്കലിന്റെ വിവരണമാണ്‌ ആദ്യത്തെ പേജില്‍തന്നെ. ഒരു പാടു കഥാപാഠ്രതങ്ങള്‍... ഉച്ചരിക്കാന്‍ പ്രയാസമുള്ള പേരുകള്‍. “ഞാനാണെങ്കില്‍ ഇങ്ങനെയല്ല പുസ്തകമെഴുതുക.” അവന്‍ വെറുതെ വിചാരിച്ചു. “കഥാ പാര്രങ്ങളെ ഒരുമിച്ചല്ല. ഓരോരുത്തരെ ആയേ അവതരിപ്പിക്കൂ ... ഒരുപാടു പേരുകള്‍ ഒരേ സമയം ഓര്‍മ്മിച്ചുവയ്ക്കേണ്ടതിന്റെ ക്ളേശം വായനക്കാരനു നല്‍കുകയില്ല.”
"en_xx: When he was finally able to concentrate on what he was reading, he liked the book better; the burial was on a snowy day, and he welcomed the feeling of being cold. As he read on, an old man sat down at his side and tried to strike up a conversation.",ml_xx: ക്രമേണ അവന്‍ വായനയില്‍ രസം പിടിച്ചു വന്നു. മഞ്ഞുകാലത്തെ നല്ല തണുപ്പുള്ള ഒരുച്ചനേരത്താണ്‌ ശവമടക്കല്‍ നടക്കുന്നത്‌. തണുപ്പിനെ പറ്റി വായിക്കുമ്പോള്‍തന്നെ ഒരു കുളിര്‍മ്മ..... അത്രയ്ക്കും ചൂടാണിപ്പോള്‍ വെയി ലിന്‌. അവനങ്ങനെ വായനയില്‍ ലയിച്ചിരിക്കുമ്പോള്‍ ഒരു വൃദ്ധന്‍ അവന്റെ അരുകില്‍ വന്ന്‌ ഇരുപ്പു പിടിച്ചു. ഒരു വര്‍ത്തമാനത്തിനുള്ള തരവും പാത്താണ്‌ അയാളുടെ ഇരിപ്പ്‌.
"en_xx: “What are they doing?” the old man asked, pointing at the people in the plaza.",ml_xx: “അവരെന്താണവിടെ ചെയ്യുന്നത്‌?” പ്ലാസയിലെ ആളുകളുടെ നേര്‍ക്കു വിരല്‍ചുണ്ടിക്കൊണ്ട്‌ ആ വൃദ്ധന്‍ ചോദിച്ചു.
"en_xx: Actually, he was thinking about shearing his sheep in front of the merchant’s daughter, so that she could see that he was someone who was capable of doing difficult things. He had already imagined the scene many times; every time, the girl became fascinated when he explained that the sheep had to be sheared from back to front. He also tried to remember some good stories to relate as he sheared the sheep. Most of them he had read in books, but he would tell them as if they were from his personal experience. She would never know the difference, because she didn’t know how to read.","ml_xx: അവന്‍ പല തവണ മനക്കണ്ണില്‍ കണ്ടതാണ്‌ ആ രംഗം. ഓരോ തവണയും ആടിന്റെ രോമം മുറിക്കുന്നത്‌ പിന്നില്‍നിന്നു മുമ്പിലേക്കാണെന്ന്‌ അവന്‍ പറഞ്ഞപ്പോള്‍ അവള്‍ അത്ഭുതപരത്ര്രയാവുന്നതു കാണാന്‍ രസമായി രുന്നു! പണിക്കിടയില്‍ അരികില്‍ നില്‍ക്കുന്ന അവള്‍ക്കു പറഞ്ഞു കൊടു ക്കാന്‍വേണ്ടി രസമുള്ള ചില കഥകളും അവന്‍ ഓര്‍ത്തുവെച്ചു. ഒക്കെ പുസ്തകങ്ങളില്‍നിന്ന്‌ വായിച്ചു മനസ്സിലാക്കിയ കഥകളാണ്‌. എന്നാലും സ്വന്തം അനുഭവമാണെന്ന മട്ടില്‍ തന്മയത്വത്തോടുകൂടി പറയണം. വൃത്യാ സമൊന്നും അവള്‍ക്കു പിടികിട്ടുകയില്ല., അവള്‍ക്കു വായിക്കാനറിയില്ലല്ലൊ!"
"en_xx: “What’s the world’s greatest lie?” the boy asked, completely surprised.","ml_xx: “പ്രപഞ്ചത്തിലെ ഏറ്റവും വലിയ മിഥ്യ ഏതാണ്‌?"" ആശ്ചര്യഭരിത നായി അവന്‍ ചോദിച്ചു."
"en_xx: “That’s never happened to me,” the boy said. “They wanted me to be a priest, but I decided to become a shepherd.”","ml_xx: “അങ്ങനെയൊന്ന്‌ എനിക്ക്‌ ഒരിക്കലും സംഭവിച്ചിട്ടില്ല. എന്നെ ഒരു പാതിരിയാക്കാനാണ്‌ എന്റെ മാതാപിതാക്കള്‍ ആശിച്ചത്‌. പക്ഷേ, ഒരു ആഅട്ടിട യനാവാന്‍ ഞാന്‍ തീരുമാനിച്ചു.”"
en_xx: “Where are you from?” the boy asked.,ml_xx: “നിങ്ങള്‍ എവിടെനിന്നാണ്‌?” അവന്‍ അന്വേഷിച്ചു.
en_xx: “From many places.”,ml_xx: “പലയിടത്തുനിന്നും എന്നു പറയാം.” വൃദ്ധന്റെ മറുപടി.
"en_xx: “No one can be from many places,” the boy said. “I’m a shepherd, and I have been to many places, but I come from only one place— from a city near an ancient castle. That’s where I was born.”",ml_xx: “പലയിടത്തുനിന്നുമായി ഒരാള്‍ക്കു വരാനൊക്കുകയില്ലല്ലെ.” ബാലന്‍ പറഞ്ഞു: “ഞാന്‍ ഒരു ആട്ടിടയനാണ്‌. പലയിടത്തും ഞാന്‍ പോയിട്ടുമുണ്ട്‌.
"en_xx: “Well then, we could say that I was born in Salem.”","ml_xx: ""ഓ... അങ്ങനെയാണെങ്കില്‍ പറയാം ഞാന്‍ ജനിച്ചത്‌ സലേമിലാണ്‌.”"
"en_xx: “What do I do in Salem?” The old man laughed. “Well, I’m the king of Salem!”","ml_xx: “ഞാനോ, സലേമില്‍ എന്തെടുക്കുന്നുവെന്നോ? നല്ല കഥ... ഞാന്‍ അവി ടത്തെ രാജാവാണ്‌.”"
"en_xx: “My name is Melchizedek,” said the old man. “How many sheep do you have?”","ml_xx: “എന്റെ പേര്‌ മെല്‍ഷിഡഷേക്ക്‌ എന്നാണ്‌. ആട്ടെ, നിനക്കു സ്വന്തമായി മൊത്തം എത്ര ആടുകളുണ്ട്‌?""”"
"en_xx: “Well, then, we’ve got a problem. I can’t help you if you feel you’ve got enough sheep.”","ml_xx: ""ഓ ...അങ്ങനെയാണോ? നിനക്ക്‌ ആവശ്യത്തിനുള്ള ആടുകളുണ്ടെന്നു തോന്നിയാല്‍ പിന്നെ നിന്നെ സഹായിക്കുവാന്‍ എന്നെക്കൊണ്ടാവില്ല.”"
"en_xx: There, in the sand of the plaza of that small city, the boy read the names of his father and his mother and the name of the seminary he had attended. He read the name of the merchant’s daughter, which he hadn’t even known, and he read things he had never told anyone.","ml_xx: ഇവിടെ, അപരിചിതമായ ഈ ചെറിയ പട്ടണത്തിലെ ചന്തത്തെരുവി ലുള്ള മണലില്‍ അയാള്‍ എഴുതിയിട്ടിരിക്കുന്നു അവന്റെ അച്ഛന്റെയും അമ്മയുടെയും പേരുകള്‍... അവന്‍ പഠിച്ചിരുന്ന സെമിനാരിയുടെ പേര."
en_xx: “For several reasons. But let’s say that the most important is that you have succeeded in discovering your Personal Legend.”,"ml_xx: “അതിന്‌ കാരണം പലതുണ്ട്‌. ഏറ്റവും (പ്രധാനമായത്‌ നീ സ്വന്തം ജീവി തത്തിന്റെ ലക്ഷ്യം തിരിച്ചറിഞ്ഞിരിക്കുന്നു എന്നതുതന്നെ."""
"en_xx: “And, when you want something, all the universe conspires in helping you to achieve it.”",ml_xx: “എന്തെങ്കിലും നേടിയെടുക്കണമെന്ന്‌ ഒരാള്‍ പൂര്‍ണ്ണമനസ്സോടെ ആഗ്ര ഹിച്ചാല്‍ ആ ആഗ്രഹം സഫലമാക്കാനായി ലോകം മുഴുവന്‍ അവന്റെ സഹായത്തിനെത്തും.” ആല്‍കെമിസ്റ്റ്‌ പറഞ്ഞു. അവനതിശയം തോന്നി.
"en_xx: “Not always in this way, but I always appear in one form or another. Sometimes I appear in the form of a solution, or a good idea. At other times, at a crucial moment, I make it easier for things to happen. There are other things I do, too, but most of the time people don’t realize I’ve done them.”","ml_xx: “എപ്പോഴും ഇങ്ങനെ ആയിക്കൊള്ളണമെന്നില്ല... മറ്റു ചിലപ്പോള്‍ മറ്റേ തെങ്കിലും വിധത്തില്‍ ആയെന്നും വരാം. ചിലപ്പോള്‍ ഏതെങ്കിലും പ്രശ്ന ത്തിന്‌ പരിഹാരമായിട്ടാകാം. അല്ലെങ്കില്‍ പ്രയോജനകരമായ ഒരു യുക്തി യുടെ രൂപത്തിലാകാം. ഇടയ്ക്ക്‌ വഴിയിലെ തടസ്സങ്ങള്‍ നീക്കിക്കൊടുത്തു കൊണ്ടാകാം. ഏതായാലും നിര്‍ണ്ണായകമായ ഘട്ടങ്ങളില്‍, പലവിധത്തില്‍, പല രൂപത്തില്‍. പക്ഷേ, അതൊന്നും മനസ്സിലാക്കാനുള്ള സാവകാശം മനു ഷ്യര്‍ക്കില്ലല്ലോ.”"
en_xx: “What about one-tenth of my treasure?”,ml_xx: “അപ്പോള്‍ എനിക്കു കിട്ടാന്‍ പോകുന്ന നിധിയുടെ പത്തിലൊരു ഭാഗം?”
en_xx: The boy told him that he had already promised to give one-tenth of his treasure to the Gypsy.,ml_xx: തനിക്ക്‌ കിട്ടാന്‍ പോകുന്ന നിധിയുടെ പത്തിലൊരംശം ഒരു ജിപ്സിത്ത ള്ളയ്ക്ക്‌ കൊടുത്തേക്കാമെന്ന്‌ താന്‍ വാക്കുകൊടുത്തു കഴിഞ്ഞിരിക്കു ന്നുവെന്ന്‌ അവന്‍ അയാളോടു പറഞ്ഞു.
"en_xx: “Maybe tomorrow,” said the boy, moving away. If he sold just one of his sheep, he’d have enough to get to the other shore of the strait. The idea frightened him.","ml_xx: സും വേണ്ട. ഒരുപക്ഷേ, നാളെ.” അതും കി നു ടെനിന്നു മാറി. തന്റെ ആടുകളില്‍ ഒന്നേ ഒന്നിനെ വിറ്റാല്‍ മതി. ി ി അക്കരെയെത്താനുള്ള വകയാകും. എന്തോ, ആ ചിന്ത അവനിലുള ്‌ യൊരു ഭയമായിരുന്നു."
en_xx: “Why is that?”,ml_xx: “അതെന്താണങ്ങനെ?”
"en_xx: “It’s in Egypt, near the Pyramids.”",ml_xx: “ഈജിപ്റ്റില്‍ പിരമിഡുകളുടെ അടുത്ത്‌.”
en_xx: “‘But where are the drops of oil I entrusted to you?’ asked the wise man.,"ml_xx: പക്ഷേ, ഞാന്‍ നിന്റെ കൈയിലേല്‍പിച്ച ആ രണ്ടുതുള്ളി എണ്ണയെ വിടെ?” ജ്ഞാനിയുടെ ചോദ്യം."
"en_xx: Melchizedek watched a small ship that was plowing its way out of the port. He would never again see the boy, just as he had never seen Abraham again after having charged him his one-tenth fee.",ml_xx: അകലെ തുറമുഖത്തുനിന്ന്‌ ഒരു കപ്പല്‍ പുറംകടലിലേക്കു നീങ്ങുന്നത്‌ മെല്‍ഷിയേക്ക്‌ ശ്രദ്ധിച്ചു. ഇനിയൊരിക്കലും താന്‍ ആ ചെറുപ്പക്കാരനെ കാണുകയുണ്ടാവില്ല. അതാണല്ലോ തന്റെ ജോലിയുടെ രീതി. ഇതുപോലെ തന്നെയായിരുന്നു ആ അബ്രഹാമും. തന്റെ പത്തിലൊന്നു ഫീസ്‌ തന്നിട്ടു പോയതാണ്‌. പിന്നീടൊരിക്കലും അയാളെ കാണാന്‍ കഴിഞ്ഞിട്ടില്ല.
en_xx: The boy trusted his new friend. He had helped him out in a dangerous situation. He took out his money and counted it.,ml_xx: അവന്‌ തന്റെ പുതിയ പരിചയക്കാരന്റെ പേരിലുള്ള വിശ്വാസം വര്‍ദ്ധിച്ചു. വലിയൊരു കെണിയില്‍നിന്ന്‌ അയാള്‍ തന്നെ രക്ഷിച്ചല്ലോ. പിന്നെ അവന്‍ സംശയിച്ചില്ല. മടിശ്ശീല തുറന്ന്‌ പണമെണ്ണി കൂട്ടുകാരനെ ഏല്‍പിച്ചു അവനതു വാങ്ങി എണ്ണി നോക്കി.
en_xx: “Am I going to find my treasure?” he asked.,ml_xx: “ഞാന്‍ തേടുന്ന നിധി എനിക്കു കണ്ടെത്താനാകുമോ?
"en_xx: “All things are one,” the old man had said.",ml_xx: “ശരിയാണ്‌ എല്ലാം ഒന്നുതന്നെ.” അവന്‍ തന്നത്താന്‍ പറഞ്ഞു. “എല്ലാം പരസ്പരം ബന്ധിക്കപ്പെട്ടിട്ടുള്ളതാണ്‌.”
"en_xx: But, as time passed, Tangier had changed. The nearby city of Ceuta had grown faster than Tangier, and business had fallen off.",ml_xx: അതൊക്കെ അന്നായിരുന്നു. ഇപ്പോള്‍ ടാന്‍ജീര്‍ പാടെ മാറി. അയല്‍ വക്കത്തെ സിയൂട്ടാ എന്ന കൊച്ചു പട്ടണം പെട്ടെന്നങ്ങു വളര്‍ന്നു. വലിയൊരു നഗരമായി. അതോടെ ടാന്‍ജീറിന്റെ (്രാധാന്യം നഷ്ടപ്പെട്ടു. വ്യാപാരം മോശമായി.
"en_xx: Neighbors moved away, and there remained only a few small shops on the hill. And no one was going to climb the hill just to browse through a few small shops.",ml_xx: ഈ പ്രദേശത്തെ കച്ചവടക്കാര്‍ കുറെ ആ ഭാഗത്തേക്കു മാറി പ്പോയി. ഇനി ബാക്കിയുള്ളത്‌ ഏതാനും ചെറിയ കടകള്‍ മാത്രം. ഈ കയറ്റം കയറി ഇവിടെ വന്ന്‌ തന്റെ സ്ഫടികപ്പാത്രങ്ങളുടെ ഭംഗി കാണാന്‍ ആരെ ങ്കിലും മിനക്കെടുമോ? എന്നു വെച്ച്‌ മറ്റെന്തിലേക്കെങ്കിലും ശ്രദ്ധതിരിക്കാ മെന്നു വെച്ചാല്‍. അതിനുള്ള കഴിവൊട്ടില്ലതാനും. കൊല്ലം മുപ്പതു കഴിഞ്ഞു.
"en_xx: The merchant was silent for a few moments. Then he said, “The Prophet gave us the Koran, and left us just five obligations to satisfy during our lives. The most important is to believe only in the one true God. The others are to pray five times a day, fast during Ramadan, and be charitable to the poor.”","ml_xx: അതുപ്രകാരം നമ്മളോരോരുത്തരും ജീവിതത്തില്‍ അഞ്ചു കാര്യങ്ങള്‍ തീര്‍ച്ചയായും ചെയ്തിരിക്കണം. അതില്‍ ഏറ്റവും പ്രധാനപ്പെട്ടത്‌ ദൈവ മൊന്നേയുള്ളു, അവനില്‍ മാത്രം വിശ്വാസമര്‍പ്പിക്കുക എന്നതാണ്‌. പിന്നെ ദിവസവും അഞ്ചുനേരം മുടങ്ങാതെ പ്രാര്‍ത്ഥിക്കുക. റംദാന്‍ മാസത്തില്‍ ഉപവസിക്കുക. അഗതികളെ ആവുംവിധം സഹായിക്കുക.” അപ്പോഴേക്കും അയാളുടെ തൊണ്ട ഇടറാന്‍ തുടങ്ങി. വലിയ വിശ്വാസി. ദൈവത്തിന്റെ സ്മരണതന്നെ അയാളെ വികാരാധീനനാക്കുന്നു. അയാളുടെ കണ്ണുകള്‍ നിറഞ്ഞൊഴുകുവാന്‍ തുടങ്ങി. സ്വന്തം സ്ഥിതിയെ കുറിച്ച്‌ അതൃപ്തി ഇല്ലെന്നല്ല... എന്നാലും ഇസ്ലാമിന്റെ പ്രമാണങ്ങള്‍ വിട്ടു നട ക്കാന്‍ അയാള്‍ തയ്യാറായിരുന്നില്ല."
"en_xx: “Two days ago, you said that I had never dreamed of travel,” the merchant answered. “The fifth obligation of every Muslim is a pilgrimage. We are obliged, at least once in our lives, to visit the holy city of Mecca.",ml_xx: “അഞ്ചാമത്തെ പ്രമാണമോ? അത്‌ പരിശുദ്ധ മക്കയിലേക്കുള്ള തീര്‍ത്ഥ യാത്രതന്നെ. ജീവിതത്തിലൊരിക്കലെങ്കിലും ഓരോ വിശ്വാസിയും ആ യാത്ര നടത്തിയിരിക്കണം. രണ്ടു ദിവസം മുമ്പ്‌ നീ പറഞ്ഞില്ലേ എനിക്ക്‌ ദൂരയാത്ര യെക്കുറിച്ചുള്ള സ്വപ്നങ്ങളൊന്നും ഇല്ലെന്ന്‌. ഏതോ ഓര്‍മ്മകളില്‍ അയാ ളുടെ വാക്കുകള്‍ ഒരു നിമിഷം കുരുങ്ങിക്കിടന്നു. “പിരമിഡുകളെക്കാള്‍ എത്രയോ ദൂരെയാണ്‌ മക്ക. ചെറുപ്പകാലത്ത്‌ എന്റെ ഏറ്റവും വലിയ മോഹം അതായിരുന്നു. മക്കയില്‍ പോകാന്‍ വേണ്ട പണം സ്വരൂപിക്കുക.
"en_xx: “I’ve already told you. I need to buy my sheep back, so I have to earn the money to do so.”",ml_xx: “ഞാന്‍ നേരത്തേ പറഞ്ഞതുതന്നെ. കുറെ ആടുകളെ വാങ്ങണം.
"en_xx: “I’ve had this shop for thirty years. I know good crystal from bad, and everything else there is to know about crystal. I know its dimensions and how it behaves. If we serve tea in crystal, the shop is going to expand. And then I’ll have to change my way of life.”","ml_xx: “കഴിഞ്ഞ മുപ്പതു കൊല്ലമായി ഞാനീ കച്ചവടം നടത്തുന്നു. സ്ഫടി കത്തെ സംബന്ധിച്ച വിവരങ്ങളൊക്കെയും എനിക്കു മനഃപാഠമാണ്‌. ഓരോ ന്നിന്റെയും ഗുണദോഷങ്ങള്‍ എനിക്കു നന്നായറിയാം. ശരിയാണ്‌, നീ പറ ഞ്ഞതുപോലെ ചില്ലുഗ്ലാസ്സുകളില്‍ ചായ പകര്‍ന്നു വില്ക്കാം. കച്ചവടം മെച്ച പ്പെടും. വരവും വര്‍ദ്ധിക്കും. പക്ഷേ, അതിനനുസരിച്ച്‌ എന്റെ ജീവിത രീതിയും മാറ്റേണ്ടിവരും.”"
"en_xx: “Well, isn’t that good?”",ml_xx: “അതിനെന്താ? അത്‌ നല്ലതല്ലേ?”
"en_xx: The boy didn’t know what to say. The old man continued, “You have been a real blessing to me. Today, I understand something I didn’t see before: every blessing ignored becomes a curse. I don’t want anything else in life. But you are forcing me to look at wealth and at horizons I have never known. Now that I have seen them, and now that I see how immense my possibilities are, I’m going to feel worse than I did before you arrived. Because I know the things I should be able to accomplish, and I don’t want to do so.”","ml_xx: “നീ വന്നത്‌ വാസ്തവത്തില്‍ ഒരനുധ്രഹംതന്നെയാണ്‌.” അയാള്‍ തുടരുകയായിരുന്നു: “മുമ്പ്‌ അറിയാതിരുന്ന ഒരുപാടു കാര്യങ്ങള്‍ ഇപ്പോള്‍ ഞാന്‍ മനസ്സിലാക്കാന്‍ തുടങ്ങിയിരിക്കുന്നു. അനുഗ്രഹങ്ങളെ അവഗണിച്ചു കൂടാ... എങ്കില്‍ അവ ശാപങ്ങളായി തിരിച്ചടിക്കും. എനിക്കിനി ജീവിതത്തില്‍ കൂടുതലാശകളൊന്നുമില്ല. പക്ഷേ, നിന്റെ ശാഠ്യം... എന്റെ സങ്കല്പങ്ങള്‍ ക്കെല്ലാം അപ്പുറത്തുളെ്ളൊരു ലോകവും ഐശ്വര്യവും ചൂണ്ടിക്കാട്ടുന്നു. ആ സാദ്ധ്യതകള്‍ എന്റെ മനസ്സിനെ അലോസരപ്പെടുത്തുന്നു. മുമ്പെങ്ങുമില്ലാത്ത വിധം. എല്ലാം എനിക്കെത്തിപ്പിടിക്കാനാവുന്ന ദൂരത്തില്‍. എന്നിട്ടും ഒന്നി നുവേണ്ടിയും മോഹം തോന്നുന്നില്ല."""
"en_xx: They went on smoking the pipe for a while as the sun began to set. They were conversing in Arabic, and the boy was proud of himself for being able to do so. There had been a time when he thought that his sheep could teach him everything he needed to know about the world. But they could never have taught him Arabic.","ml_xx: സുര്യന്‍ അസ്തമിക്കാന്‍ തുടങ്ങി. അപ്പോഴും അവര്‍ ഹുക്ക വലിച്ചു കൊണ്ടിരിക്കുകയായിരുന്നു. അറബിഭാഷയിലാണ്‌ അവര്‍ സംസാരിച്ചിരു ന്നത്‌. സ്വന്തം കഴിവില്‍ അവന്‌ നല്ല മതിപ്പു തോന്നി. അറിയേണ്ടതായിട്ടുള്ള തെല്ലാം ആടുകളില്‍നിന്ന്‌ ഗ്രഹിക്കാമെന്ന്‌ ഒരുകാലത്ത്‌ അവന്‍ വെറുതെ | ആല്‍കെമിസ്റ്റ്‌ വിചാരിച്ചിരുന്നു. എന്തൊക്കെ പഠിച്ചാലും ആടുകളില്‍നിന്ന്‌ അറബി ഭാഷ വശമാക്കാന്‍ കഴിയുമായിരുന്നില്ലല്ലോ. വേറെയും പലതും കാണും, അവര്‍ക്ക്‌ പഠിപ്പിക്കാന്‍ പറ്റാത്തതായിട്ട്‌. വാസ്തവത്തില്‍ അവ തന്നെ പഠിപ്പിക്കുക യായിരുന്നില്ലല്ലെ. താന്‍ അവയെ കണ്ടു പഠിക്കുകയായിരുന്നില്ലേ. അരി കില്‍ മിണ്ടാതിരുന്നിരുന്ന മുതലാളിയുടെ മുഖത്തേക്ക്‌ അവന്‍ കണ്ണുകള്‍ തിരിച്ചു."
en_xx: “What does that mean?”,ml_xx: “എന്താണിതിനിത്ര പ്രാധാന്യം?”
"en_xx: And, in that way, the months passed.",ml_xx: അങ്ങനെ മാസങ്ങള്‍ കടന്നുപോയി....
en_xx: He waited patiently for the merchant to awaken and open the shop. Then the two went off to have some more tea.,ml_xx: മുതലാളി ഉണര്‍ന്ന്‌ കട തുറക്കാനായി അവന്‍ കാത്തിരുന്നു. അയാള്‍ എഴുന്നേറ്റു വന്നപ്പോള്‍ രണ്ടുപേ സ്‌ മം പ്പ ുപേരുംകൂടി വീണ്ടും ഓരോ ഗ്ലാസ്‌ ചായ പം “ഞാനിന്ന്‌ യാത്രയാവുകയാണ്‌.” അവന്‍ പറഞ്ഞു: “ആടുകളെ വാങ്ങി നുള്ളു പണം എന്റെ കൈയിലുണ്ട്‌. മക്കയില്‍ പോയി നിങ്ങളുടെ കൈയിലും.”
"en_xx: “Who told you that?” asked the boy, startled.",ml_xx: ആല്‍കെമിസ്റ്റ്‌ “എന്നാരു പറഞ്ഞു?” ഒരു ഞെട്ടലോടെയാണവന്‍ അതു ചോദിച്ചത്‌.
"en_xx: The hills of Andalusia were only two hours away, but there was an entire desert between him and the Pyramids. Yet the boy felt that there was another way to regard his situation: he was actually two hours closer to his treasure…the fact that the two hours had stretched into an entire year didn’t matter.",ml_xx: ആന്‍ഡലുസിയയിലെ കുന്നിന്‍ചരിവുകള്‍... ഇവിടെനിന്ന്‌ രണ്ടു മണി ക്കൂറിന്റെ ദൂരമേയുള്ളൂ... എന്നാല്‍ പിരമിഡുകളിലെത്താന്‍ അറ്റമില്ലാത്ത ഈ മണല്‍ക്കാടു മുഴുവന്‍ കടന്നു ചെല്ലണം. ഒരു നിലയ്ക്ക്‌ നോക്കിയാല്‍ ഇനി അവിടെയെത്താന്‍ രണ്ടു മണിക്കൂര്‍ കുറച്ച്‌ യാത്ര ചെയ്താല്‍ മതി എന്നു കണക്കാക്കാം. ആ രണ്ടു മണിക്കൂര്‍ ഒരു കൊല്ലമായി നീണ്ടുപോയത്‌.
en_xx: “Where are you bound?” asked the young Arab.,ml_xx: ന്ിങ്ങള്‍ എങ്ങോട്ടാണ്‌?” അകത്തേക്കു കടന്നുവന്ന അറബി യുവാവ്‌ അയാ ളോടു ചോദിച്ചു. അയാളും യാത്രയ്ക്കൊരുങ്ങിത്തന്നെയാണ്‌ വന്നിരുന്നത്‌.
en_xx: “Did you say a king?” he asked.,"ml_xx: ""നിങ്ങള്‍ക്കു നിര്‍ബന്ധിച്ചുകൂടേ?” അവന്‍ ചോദിച്ചു."
"en_xx: “But I’m going to Egypt,” the boy said.","ml_xx: “പക്ഷേ, എനിക്കു പോകേണ്ടത്‌ ഈജിപ്റ്റിലേക്കാണ്‌.”” അവന്‍ പറഞ്ഞു."
"en_xx: “That’s a good luck omen,” the Englishman said, after the fat Arab had gone out. “If I could, I’d write a huge encyclopedia just about the words luck and coincidence. It’s with those words that the universal language is written.”","ml_xx: “ഇത്‌ നല്ല ലക്ഷണംതന്നെ.” തടിയന്‍ അറബി അവിടെനിന്നു പോയ പ്പോള്‍ ഇംഗ്ലീഷുകാരന്‍ പറഞ്ഞു: “കഴിവുണ്ടായിരുന്നെങ്കില്‍ ഞാന്‍ ഇതി നെപ്പറ്റി ഒരു പുസ്തകംതന്നെ എഴുതിയേനെ. ഭാഗ്യം. യാദൃച്ഛികത. എല്ലാ വര്‍ക്കും അറിയാമായിരുന്ന ഭാഷ എന്നു പറഞ്ഞില്ലേ. ഈ വാക്കുകളാ യിരുന്നു ആ ഭാഷയുടെ ആധാരം.” ഒന്നു നിര്‍ത്തി, എന്തോ ആലോചിച്ചെടു ത്തിട്ടെന്നവണ്ണം അയാള്‍ തുടര്‍ന്നു: “നീയും ഞാനും ഇവിടെ ഇങ്ങനെ കണ്ടുമുട്ടിയത്‌ വെറുതെയാണെന്നു കരുതുന്നുണ്ടോ? അതും രണ്ടുപേരുടെ കൈയിലും ഈ മാന്ത്രികക്കല്ലുകളും. പറയൂ, നീയും ഇറങ്ങിത്തിരിച്ചിരി ക്കുന്നത്‌ ആ ആല്‍കെമിസ്റ്റിനെ അന്വേഷിച്ചുംകൊണ്ടാണോ?”"
"en_xx: There were almost two hundred people gathered there, and four hundred animals—camels, horses, mules, and fowl. In the crowd were women, children, and a number of men with swords at their belts and rifles slung on their shoulders. The Englishman had several suitcases filled with books. There was a babble of noise, and the leader had to repeat himself several times for everyone to understand what he was saying.","ml_xx: സ്ര്രീകളും കുട്ടികളുമടക്കം ആ കൂട്ടത്തില്‍ യാത്രക്കാരായി ഏതാ ണ്ടിരുനൂറു പേരോളം ഉണ്ടായിരുന്നു; നാനൂറോളം മൃഗങ്ങളും. കുതിര, ഒട്ടകം, കോഴി, കഴുത. പുരുഷന്മാര്‍ പലരുടെയും അരയില്‍ വാളുകള്‍ തുങ്ങിക്കി ടന്നു. തോളില്‍ തോക്കുകളും. ഇംഗ്ലീഷുകാരന്റെ ഭാണ്ഡക്കെട്ടില്‍ അധികവും പുസ്തകങ്ങളായിരുന്നു. ആകപ്പാടെ വല്ലാത്ത ഒച്ചയും ബഹളവും. എല്ലാ വരെയും കാര്യം പറഞ്ഞു മനസ്സിലാക്കാന്‍ സംഘത്തലവന്‍ ഏറെ ശ്രമ പ്പെടേണ്ടിവന്നു."
"en_xx: “There’s no such thing as coincidence,” said the Englishman, picking up the conversation where it had been interrupted in the warehouse. “I’m here because a friend of mine heard of an Arab who…”",ml_xx: “യാദൃച്ഛികം എന്നൊന്നില്ല.” പാണ്ടികശാലയില്‍വെച്ച്‌ ഇടയില്‍ നിര്‍ത്തേണ്ടിവന്ന വര്‍ത്തമാനം ഇംഗ്ലീഷുകാരന്‍ പിന്നെയും തുടങ്ങി. “മരു ഭൂമിയില്‍ താമസിക്കുന്ന ആ അറബിയെപ്പറ്റി ഒരു ചങ്ങാതി എന്നോടു പറഞ്ഞു. അതുകൊണ്ടാണ്‌.”
"en_xx: The caravan moved toward the east. It traveled during the morning, halted when the sun was at its strongest, and resumed late in the afternoon. The boy spoke very little with the Englishman, who spent most of his time with his books.",ml_xx: 83 ആല്‍കെമിസ്റ്റ്‌ കിഴക്കോട്ടാണ്‌ അവര്‍ യാത്ര ചെയ്തിരുന്നത്‌. യാത്ര അധികവും രാവി ലെയായിരുന്നു. ഉച്ചയ്ക്ക്‌ വെയിലിന്‌ ചൂടേറുന്നതോടെ എവിടെയെങ്കിലും താവളമടിക്കും. പിന്നെ യാത്ര തുടരുക വൈകുന്നേരമായിട്ടാണ്‌. കൂടെയുള്ള ഇംഗ്ലീഷുകാരനോട്‌ അധികമൊന്നും അവന്‍ സംസാരിച്ചില്ല. അയാളുടെ ശ്രദ്ധ മുഴുവന്‍ വായിക്കുന്നതിലായിരുന്നു.
"en_xx: “I’ve crossed these sands many times,” said one of the camel drivers one night. “But the desert is so huge, and the horizons so distant, that they make a person feel small, and as if he should remain silent.”",ml_xx: ഞാന്‍ ഒരു നൂറു തവണ ഈ മരുഭൂമിയില്‍ക്കൂടി യാത്ര ചെയ്തി ട്ടുണ്ട്‌.” ഒരു രാത്രി ഒട്ടകക്കാരിലൊരാള്‍ അവനോടു പറഞ്ഞു: “അറ്റമില്ലാതെ പരന്നു കിടക്കുന്ന മണലാഴി. അകലെ അകലെ എങ്ങോ കാണുന്ന ച്ക്ര വാളങ്ങള്‍. ഇതു രണ്ടിനുമിടയില്‍ മനുഷ്യന്‍ എത്ര നിസ്സാരനാണ്‌. അപ്പോള്‍ പിന്നെ അവന്റെ മൌനം സ്വാഭാവികം മാത്രം!”
"en_xx: “I used to live near El Cairum,” he said. “I had my orchard, my children, and a life that would change not at all until I died. One year, when the crop was the best ever, we all went to Mecca, and I satisfied the only unmet obligation in my life. I could die happily, and that made me feel good.",ml_xx: “എന്റെ വീട്‌ കൈറുമിനടുത്തായിരുന്നു. ഭാര്യയും മക്കളും സ്വന്തമാ യൊരു തോപ്പും. മരണംവരെ യാതൊരല്ലലും അലട്ടും കൂടാതെ കഴിയാ മെന്നാശിച്ചു. ഒരുകൊല്ലം പതിവില്‍ കൂടുതല്‍ വിളവു കൊയ്യാനായി. നല്ല ആദായവും കിട്ടി. എല്ലാവരും കൂടി ഹജ്ജ്‌ യാത്രയും നടത്തി. അങ്ങനെ അവശ്യം ചെയ്തിരിക്കേണ്ട ആ ഒരു കടമയും നിറവേറ്റാനായി. മനസ്സില്‍ നിറഞ്ഞ തൃപ്തി. ഇനി സമാധാനത്തോടെ മരിക്കാം.
"en_xx: “And you ought to read more about the world,” answered the Englishman. “Books are like caravans in that respect.”",ml_xx: അതിനുള്ള അയാളുടെ പ്രതികരണം മറ്റൊരു മട്ടിലായിരുന്നു. “ലോക ത്തെപ്പറ്റി നീയും കൂടുതല്‍ വായിച്ചു മനസ്സിലാക്കണം. ഈ യാത്രപോലെ തന്നെയാണ്‌ പുസ്തകങ്ങളും. കൂടുതല്‍ കൂടുതല്‍ അറിവു പകര്‍ന്നു തരും.”
"en_xx: The immense collection of people and animals began to travel faster. The days had always been silent, but now, even the nights— when the travelers were accustomed to talking around the fires— had also become quiet. And, one day, the leader of the caravan made the decision that the fires should no longer be lighted, so as not to attract attention to the caravan.",ml_xx: മനുഷ്യരും മൃഗങ്ങളുമടങ്ങുന്ന ആ വലിയ സംഘം യാത്ര കുറെക്കൂടി വേഗത്തിലാക്കി. സാധാരണയായി പകലൊക്കെ ഏതാണ്ട്‌ നിശ്ശബ്ദത തന്നെ യാണ്‌; അവരവരുടെ പാടും നോക്കി വഴിയില്‍ ശ്രദ്ധ പതിപ്പിച്ചുകൊണ്ട്‌ അധി കമൊന്നും മിണ്ടാതെയും പറയാതെയുമുള്ള യാത്ര. എന്നാല്‍ രാത്രിയിലെ മട്ടൊന്നു വേറെയാണ്‌. തീ കാഞ്ഞ്‌ യാത്രക്കാരെല്ലാം അവിടവിടെ കൂട്ടം കൂടും. ഈയിടെയായി ഏതാണ്ട്‌ ആ പതിവും നിലച്ച മട്ടാണ്‌. അങ്ങനെ പോകവേ ഒരു ദിവസം സംഘത്തലവന്റെ ഉത്തരവ്‌: “ആരും തീ കൂട്ടരുത്‌...
"en_xx: The Englishman was unable to sleep one night. He called to the boy, and they took a walk along the dunes surrounding the encampment. There was a full moon, and the boy told the Englishman the story of his life.",ml_xx: ഒരു രാത്രിയില്‍ ഇംഗ്ലീഷുകാരന്‍ തീരെ ഉറങ്ങാനായില്ല. അവനെയും വിളിച്ച്‌ കൂട്ടത്തില്‍നിന്നു വിട്ട്‌ അരികിലുള്ള ഒരു മണല്‍ക്കൂനയുടെ ചെരിവില്‍ ചെന്നിരുന്നു. നല്ല നിലാവുള്ള രാത്രി. അന്നാണവന്‍ കൂട്ടുകാരനോട്‌ തന്റെ കഥ പറഞ്ഞത്‌. അവന്‍ ചെന്നതില്‍ പിന്നെ സ്ഫടികപ്പാത്രക്കടയ്ക്കുണ്ടായ അഭിവൃദ്ധി. അതു കേട്ടപ്പോള്‍ അയാള്‍ക്കു കൂടുതല്‍ രസം തോന്നി. അയാള്‍ പറഞ്ഞു; ഈ പ്രപഞ്ചത്തെ മുഴുവന്‍ കൊണ്ടുനടക്കുന്ന ഒരു ശക്തിയുണ്ട്‌.
"en_xx: THEY WERE STRANGE BOOKS. THEY SPOKE ABOUT MERCURY, salt, dragons, and kings, and he didn’t understand any of it. But there was one idea that seemed to repeat itself throughout all the books: all things are the manifestation of one thing only.",ml_xx: രെ വിചിത്രങ്ങളായിരുന്നു ആ പുസ്തകങ്ങള്‍. രസം. ടാ വ... സര്‍പ്പങ്ങള്‍... രാജാക്കന്മാര്‍... വായിച്ചതിലധികവും അ ു മനസ്സിലാക്കാന്‍ കഴിഞ്ഞില്ല. എന്നാലും ഒരു കാര്യം എല്ലാ യം പം എടുത്തു പറഞ്ഞിട്ടുള്ളത്‌ അവന്റെ ശ്രദ്ധയില്‍പെട്ടു. ഈ ന ം പ സര്‍വ്വചരാചരങ്ങളും ഒരേയൊരു ശക്തിയുടെ വൈവിദ്ധ്യമാ ഭേദങ്ങളാണ്‌.
"en_xx: “Well, then, why do we need all these books?” the boy asked.",ml_xx: ഇക്കണ്ട പുസ്തക ങ്ങളുടെയൊക്കെ ആവശ്യം?” അവന്‍ സംശയം ചോദിച്ചു.
en_xx: “When were these books written?” the boy asked.,ml_xx: ” ഏതുകാലത്തെഴുതപ്പെട്ടതായിരിക്കും ഈ ഗ്രന്ഥങ്ങള്‍?”
en_xx: “Many centuries ago.”,ml_xx: “നൂറ്റാണ്ടുകള്‍ക്കു മുമ്പ്‌.”
"en_xx: “They didn’t have the printing press in those days,” the boy argued. “There was no way for everybody to know about alchemy.",ml_xx: “അന്നുകാലത്ത്‌ അച്ചടി ഉണ്ടായിരുന്നില്ലല്ലൊ. ആല്‍കെമി പോലുള്ള വിഷയങ്ങളെക്കുറിച്ച്‌ സാമാന്യജനങ്ങള്‍ക്ക്‌ വിവരമുണ്ടായിരുന്നില്ല. പിന്നെ എന്തിനാണവര്‍ ഈ രഹസ്യഭാഷ ഉപയോഗിച്ചത്‌? ആര്‍ക്കും നോക്കി മനസ്സി ലാക്കാന്‍ പറ്റാത്ത രേഖാചിത്രങ്ങളും.”
"en_xx: “I learned that the world has a soul, and that whoever understands that soul can also understand the language of things. I learned that many alchemists realized their Personal Legends, and wound up discovering the Soul of the World, the Philosopher’s Stone, and the Elixir of Life.","ml_xx: “ഉവ്വ്‌, ഒരു കാര്യം ഞാന്‍ മനസ്സിലാക്കി.” അവന്‍ പറഞ്ഞു: “ഈ പ്രപ ഞ്ചത്തിനൊരാത്മാവുണ്ട്‌. അതു കണ്ടെത്താന്‍ കഴിയുന്ന ആള്‍ക്ക്‌ പ്രകൃ തിയുടെ ഭാഷയും വശമാക്കാന്‍ കഴിയും. പണ്ടത്തെ ആല്‍കെമിസ്റ്റു കള്‍ ഈ ആത്മബോധം കൈവരിച്ചവരായിരുന്നു. അതുകൊണ്ടാണ വര്‍ക്ക്‌ കണ്ടെത്താനായത്‌. പ്രപഞ്ചത്തിന്റെ ആത്മാവിനെ, ചിന്താമണിയെ, പ്രാണസുധയെ.... ഇതൊന്നും അത്ര വലിയ കാര്യങ്ങളല്ലെന്നും ഞാന്‍ മനസ്സിലാക്കി. ഒരു മരതകക്കല്ലിന്റെ ഉപരിതലത്തില്‍ കുറിച്ചിടാവുന്നതേ യുള്ളൂ."""
"en_xx: The Englishman was disappointed. The years of research, the magic symbols, the strange words, and the laboratory equipment…none of this had made an impression on the boy. His soul must be too primitive to understand those things, he thought.","ml_xx: അവന്റെ വാക്കുകള്‍... ഇംഗ്ലീഷുകാരന്‍ നിരാശ തോന്നി. എത്രയോ വര്‍ഷങ്ങളായുള്ള പരീക്ഷണങ്ങളും നിരീക്ഷണങ്ങളും... നിഗുഡഃമായ പ്രതീ കങ്ങള്‍. വിചിത്രമായ ഭാഷ.... അസാധാരണമായ ഉപകരണങ്ങള്‍. ഇതൊന്നും അവന്റെ മനസ്സില്‍ പ്രതേൃകിച്ചൊരു ചലനവുമുണ്ടാക്കിയില്ലെന്നോ? ഒരു പക്ഷേ, ഇതൊന്നും ഉള്‍ക്കൊള്ളാന്‍തക്ക വികാസം അവന്റെ ബുദ്ധിക്കു കൈവന്നിട്ടുണ്ടാവില്ല!"
"en_xx: “Well, why don’t we go there right now?” the boy asked.","ml_xx: ""എന്നാല്‍ പിന്നെ ഇപ്പോള്‍തന്നെ നമുക്കങ്ങോട്ടു പോയ്ക്കുടേ?”"
en_xx: “Why a revolver?” he asked.,ml_xx: “എന്താവശ്യം?” അവന്‍ ചോദിച്ചുപോയി.
"en_xx: “I had never heard of alchemists before,” the boy said. “Maybe no one here has, either.”",ml_xx: “ഒരാല്‍കെമിസ്റ്റിനെ പറ്റിയും ഞാനിതുവരെ കേട്ടിട്ടില്ല. ഇവിടെയും ആരും കേട്ടിട്ടില്ല എന്നല്ലേ.”
"en_xx: Several women dressed in black came to the well for water, but the boy would speak to none of them, despite the Englishman’s insistence. Then a man approached.","ml_xx: കറുത്ത വസ്ര്രങ്ങള്‍ ധരിച്ച ഏതാനും സ്ത്രീകള്‍ വെള്ളം കോരാന്‍ വന്നു. പക്ഷേ, അവന്‍ ഇരുന്നിടത്തുനിന്ന്‌ എഴുന്നേറ്റതേയില്ല. ഇംഗ്ലീഷു കാരന്‍ പലവട്ടം അവനെ തോണ്ടി. എന്നിട്ടും അവന്‍ കൂട്ടാക്കിയില്ല. കുറച്ചു നേരം കഴിഞ്ഞപ്പോള്‍ ഒരു പുരുഷന്‍ അങ്ങോട്ടു നടന്നു വന്നു."
en_xx: “Do you know someone here who cures people’s illnesses?” the boy asked.,ml_xx: “അസുഖം പിടിപെട്ടാല്‍ ചികിത്സിച്ചു ഭേദമാക്കാന്‍ ഇവിടെ ആരെങ്കി ലുമുണ്ടോ?” അവന്‍ അയാളോടു ചോദിച്ചു.
en_xx: “Why do you want to find that sort of person?” the Arab asked.,ml_xx: “അങ്ങനെയൊരാളെ നിങ്ങള്‍ തിരയുന്നതിന്റെ ഉദ്ദേശ്യം?” അറബിയുടെ ഉത്തരം ഒരു മറുചോദ്യമായിരുന്നു.
en_xx: “What’s your name?” he asked.,ml_xx: “നിന്റെ പേരെന്താണ്‌?” അവന്റെ ചോദ്യം.
"en_xx: “Fatima,” the girl said, averting her eyes.","ml_xx: “ഫാത്തിമ,” നേരെ നോക്കാതെ അവള്‍ മറുപടി പറഞ്ഞു."
en_xx: “That’s what some women in my country are called.”,ml_xx: “എന്റെ നാട്ടിലും ചില സ്ര്രീകള്‍ക്ക്‌ ഈ പേരുണ്ട്‌.”
"en_xx: “It’s the name of the Prophet’s daughter,” Fatima said. “The invaders carried the name everywhere.” The beautiful girl spoke of the invaders with pride.",ml_xx: “പ്രവാചകന്റെ മകളുടെ പേരാണ്‌.” അവള്‍ പറഞ്ഞു: “അന്യ രാജ്യ ങ്ങള്‍ വെട്ടിപ്പിടിച്ചെടുക്കാന്‍ പോയ പടയാളികള്‍ ഈ പേര്‍ അവിടങ്ങളില്‍ പ്രചരിപ്പിച്ചിരിക്കാം...
en_xx: “That’s what I’m going to do. I’m going to start now.”,ml_xx: “അതുതന്നെയാണ്‌ ഞാന്‍ ചെയ്യാന്‍ പോകുന്നത്‌...ഇപ്പോള്‍ തന്നെ തുടങ്ങിയേക്കാം.” നിറഞ്ഞ ഉത്സാഹത്തോടെ ഇംഗ്ലീഷുകാരന്‍ എഴു ന്നേറ്റു.
"en_xx: “I’m going to wait here for you every day. I have crossed the desert in search of a treasure that is somewhere near the Pyramids, and for me, the war seemed a curse. But now it’s a blessing, because it brought me to you.”","ml_xx: “എന്നും ഇവിടെ വന്ന്‌ ഞാന്‍ നിന്നെ കാത്തിരിക്കും.” അവന്‍ പറഞ്ഞു: “പിരമിഡുകള്‍ക്കടുത്ത്‌ എവിടെയോ കിടക്കുന്ന ഒരു നിധിയും തേടിയാണ്‌ എന്റെ ഈ യാത്ര. ഇവിടെ നടക്കുന്ന ഈ യുദ്ധം എന്റെ വഴിമുടക്കി. ഇത്‌ വല്ലാത്തൊരു വിനയായല്ലോ എന്ന്‌ ഞാന്‍ സങ്കടപ്പെട്ടതാണ്‌. പക്ഷേ, ഇപ്പോള്‍ തോന്നുന്നു, വാസ്തവത്തില്‍ അത്‌ നിനച്ചിരിക്കാത്തൊരു അനുഗ്രഹമായാ ണല്ലോതീര്‍ന്നതെന്ന്‌! അതുകൊണ്ടാണല്ലോ എനിക്കു നിന്നെ കാണാന്‍ ഇ ്ര്‍ കഴിഞ്ഞത്‌."
"en_xx: “The war is going to end someday,” the girl said.",ml_xx: “എന്നെങ്കിലുമൊരുനാള്‍ ഈ യുദ്ധം അവസാനിക്കും.” അവള്‍ പറഞ്ഞു.
"en_xx: He rose, and made his way back toward the palm trees. Once again, he perceived the many languages in the things about him: this time, the desert was safe, and it was the oasis that had become dangerous.","ml_xx: അവനെഴുന്നേറ്റ്‌ തിരിച്ചു നടന്നു, ഈന്തല്‍തോപ്പുകളുടെ നേരെ. തനിക്കു ചുറ്റുമുളള സര്‍വ്വവും തന്നോടെന്തൊ വിളിച്ചുപറയുന്നു; അവരുടേതായ ഭാഷയില്‍. ഈ തവണ മരുഭൂമിയാണ്‌ സുരക്ഷിതം. മരുപ്പച്ചയുടെ സ്ഥിതി അപകടത്തിലാണ്‌."
"en_xx: There were eight chieftains, but the boy could see immediately which of them was the most important: an Arab dressed in white and gold, seated at the center of the semicircle. At his side was the young Arab the boy had spoken with earlier.","ml_xx: പ്രഭുക്കന്മാര്‍ എട്ടുപേരാണവിടെ ഇരുന്നിരുന്നത്‌. അതില്‍ പ്രധാനി ആരാണെന്ന്‌ ഒറ്റനോട്ടത്തില്‍ത്തന്നെ അവന്‍ മനസ്സിലാക്കി. ആ അര്‍ദ്ധ വൃത്തത്തിന്റെ ഒത്ത നടുവിലിരുന്നിരുന്ന അറബി, അയാളും കസവുനുൂലു കള്‍കൊണ്ട്‌ അലങ്കാരപ്പണികള്‍ ചെയ്തിട്ടുള്ള വെള്ളവസ്ര്രങ്ങളാണ്‌ ധരിച്ചിരുന്നത്‌. അദ്ദേഹത്തിന്റെ പുറകില്‍ നിന്നിരുന്നു, അവന്‍ ആദ്യം കണ്ടു സംസാരിച്ച അറബിയുവാവ്‌...ആദൃത്തെ ചോദ്യം സംഘത്തലവന്റേതാ യിരുന്നു."
"en_xx: “The oasis is neutral ground. No one attacks an oasis,” said a third chieftain.",ml_xx: “മരുപ്പച്ചകള്‍ നിഷ്പക്ഷ മേഖലകളാണ്‌. ആരും ഇങ്ങോട്ടു കടന്നുവന്ന്‌ ആക്രമിക്കുകയില്ല.” മൂന്നാമതൊരാള്‍ അവനു പറഞ്ഞുകൊടുത്തു.
"en_xx: The old man gave a signal, and everyone stood. The meeting was over. The hookahs were extinguished, and the guards stood at attention. The boy made ready to leave, but the old man spoke again: “Tomorrow, we are going to break the agreement that says that no one at the oasis may carry arms. Throughout the entire day we will be on the lookout for our enemies. When the sun sets, the men will once again surrender their arms to me. For every ten dead men among our enemies, you will receive a piece of gold.","ml_xx: ത കൈയൊന്നുയര്‍ത്തി. എല്ലാവരും ന ലി ി. കാവല്‍ക്കാര്‍ അ രിരിയുകയായിരുന്നു. ഹുക്കകള്‍ കെടുത്ത്‌ ന പു നിന്നു. അവനും സ്ഥലംവിടാന്‍ ഭാവിച്ചു. അപ്പോഴേക്കും വീണ്ടും എന്തോ പറയാന്‍ തുടങ്ങി: യ ലം ആരും ആയുധങ്ങള്‍ കൊണ്ടുനടന്നുകൂടാ എന്ന കല്പന ഞാന്‍ പിന്‍വലിച്ചിരിക്കുന്നു. നാളെ പകല്‍ ന ന ന്ന്‌ നാം ജാഗ്രത പുല ക്കളുടെ നീക്കമറിയാന്‍ കണ്ണും കാതും തുറ റ അവനവന്റെ ആയുധങ്ങള്‍ മാ ന തിരിച്ചേല്പിക്കണം. ശ്ര്രുപക്ഷത്തില്‍ പത്തുപേര്‍ ര ര്‍ണ്ണനാണയം. ൭ ടെ വകയായി ഒരു സമ്മാനം. ഒരു സ്വരണ്ണ യ എണ്ണമനുസരിച്ച്‌ സ്വര്‍ണ്ണനാണയങ്ങളുടെ പ ള്‍ അകാരണമായി ഉപയോഗ ക്കൊണ്ടിരിക്കും. പക്ഷേ, ഒരാളും ആയുധങ്ങ 0 കൂടാ ക പ്രയോഗിക്കുകയാണെങ്കില്‍ പ്രാണരക്ഷയ്ക്കായി മരുഭൂമിയെപ്പോലെതന്നെ ആയുധങ്ങള്‍ക്കുമുണ്ട ഒരു നി യ്ക്കൊന്നെടുത്ത്‌ പെരുമാറിയില്ലെങ്കില്‍ പെട്ടെന്നൊരാവശ്യം വരു ജനപ്പെട്ടെന്നുവരില്ല.”"
"en_xx: Suddenly he heard a thundering sound, and he was thrown to the ground by a wind such as he had never known. The area was swirling in dust so intense that it hid the moon from view. Before him was an enormous white horse, rearing over him with a frightening scream.",ml_xx: പെട്ടെന്ന്‌ ഇടിവെട്ടുംപോലെ ഭയങ്കരമായൊരു മുഴക്കം. അതി ശക്തി യായി ആഞ്ഞടിച്ചു കാറ്റില്‍ കാലുറപ്പിച്ചു നില്‍ക്കാനാകാതെ അവന്‍ അവിടെ ത്തന്നെ വീണുപോയി. ആ കാറ്റിന്റെ ഈക്കില്‍ ഉയര്‍ന്നുപൊങ്ങിയ മണല്‍ ത്തരികള്‍ മാനത്തെ ചന്ദ്രനെ അപ്പാടെ മറച്ചു. അതിനിടയില്‍ അവന്റെ തൊട്ടുമുമ്പില്‍ വളരെ വലിയൊരു വെള്ളക്കുതിര. പേടിപ്പെടുത്തുന്ന വിധ ത്തില്‍ ഉച്ചത്തില്‍ അത്‌ അമറുന്നു.
"en_xx: When the blinding dust had settled a bit, the boy trembled at what he saw. Astride the animal was a horseman dressed completely in black, with a falcon perched on his left shoulder. He wore a turban and his entire face, except for his eyes, was covered with a black kerchief. He appeared to be a messenger from the desert, but his presence was much more powerful than that of a mere messenger.","ml_xx: കാഴ്ച മറയ്ക്കുന്ന ആ പൊടിക്കാറ്റ്‌ ക്രമേണ അടങ്ങി. മുമ്പില്‍ കണ്ട കാഴ്ച. അവന്‍ ഭയന്നു വിറയ്ക്കുകതന്നെ ചെയ്തു. കുതിരയുടെ പുറത്ത്‌ അടിമുടി കറുത്ത വസ്ത്രംകൊണ്ടു മൂടിയ ഒരാള്‍. അയാളുടെ ഇടത്തെ തോളില്‍ ഒരു പരുന്ത്‌. തലയില്‍ തലപ്പാവുണ്ട്‌. കണ്ണുകളൊഴിച്ച്‌ മുഖം മുഴു വന്‍ ഒരു കറുത്ത തുണികൊണ്ട്‌ മൂടിയിരിക്കുന്നു. മരുഭൂമിയില്‍ സാധാര ണയായി കാണുന്ന ബെഡോയിന്മാരില്‍ ഒരാളാണെന്നേ തോന്നു. പക്ഷേ, ശ്രദ്ധിച്ചാല്‍ മനസ്സിലാക്കാം അങ്ങനെയൊരു സാമാന്യക്കാരനല്ല അയാള്‍ എന്ന്‌. ആ മട്ടും മാതിരിയും അതു വിളിച്ചുപറയുന്നുമുണ്ട്‌."
"en_xx: “Allah created the armies, and he also created the hawks. Allah taught me the language of the birds. Everything has been written by the same hand,” the boy said, remembering the camel driver’s words.","ml_xx: “ആ സൈന്യങ്ങളെ സൃഷ്ടിച്ചത്‌ ദൈവമാണ്‌. ഈ കഴുകന്മാരെ സൃഷ്ടിച്ചതും അദ്ദേഹംതന്നെ. പക്ഷികളുടെ ഭാഷ എനിക്കു മനസ്സി ലാക്കിത്തന്നതും അവിടന്നുതന്നെ. എല്ലാം ഒരേ കൈകള്‍കൊണ്ട്‌ സൃഷ്ടി ക്കപ്പെട്ടവ.""” ഒട്ടകക്കാരന്റെ വാക്കുകള്‍ ഓര്‍ത്തെടുത്തുംകൊണ്ട അവന്‍ ന ന മെല്ലെ അവന്റെ നെറ്റിയില്‍നിന്ന്‌ തന്റെ വാള്‍ നീക്കി. അവന്റെ മനസ്സില്‍ അളവറ്റ ആശ്വാസം. അപ്പോഴും അവനു തോന്നിയില്ല, അവിടെ നില്‍ക്കാതെ ഓടി രക്ഷപ്പെടണമെന്ന."
"en_xx: “I am here,” the boy said.",ml_xx: “ഞാനിവിടെയുണ്ട്‌.” അവന്‍ പറഞ്ഞു.
"en_xx: “You shouldn’t be here,” the alchemist answered. “Or is it your Personal Legend that brings you here?”",ml_xx: “നീ ഇവിടെ വരരുതായിരുന്നു.” അയാള്‍ പ്രതികരിച്ചു: “അല്ലെങ്കില്‍ നിന്റെ വിധിതന്നെയായിരിക്കും നിന്നെ ഇവിടെക്കൊണ്ടെത്തിച്ചത്‌.”
"en_xx: “With the wars between the tribes, it’s impossible to cross the desert. So I have come here.”",ml_xx: “ഗോത്രങ്ങള്‍ തമ്മില്‍ യുദ്ധം നടന്നുകൊണ്ടിരിക്കെ മരുഭൂുമിയില്‍ക്കൂടി യുള്ള യാത്ര അസാദ്ധ്യം. അതുകൊണ്ടാണ്‌ ഞാനിവിടെ വന്നത്‌. ”
en_xx: said the alchemist.,ml_xx: ആല്‍കെമിസ്റ്റ്‌ പറഞ്ഞു.
en_xx: “Why did you want to see me?” the boy asked.,ml_xx: “എന്നെ കാണണമെന്നു പറഞ്ഞതെന്തിനാണ്‌?” അവന്‍ ചോദിച്ചു.
en_xx: “He has other things to do first. But he’s on the right track. He has begun to try to understand the desert.”,ml_xx: അയാള്‍ക്ക്‌ വേറെയും പല കാര്യങ്ങള്‍ ചെയ്തുതീര്‍ക്കാനുണ്ട്‌. ഏതായാലും അയാള്‍ക്ക്‌ വഴി തെറ്റിയിട്ടില്ല. മരുഭൂമിയെ കുറേശ്ശെയായി മനസ്സിലാക്കാന്‍ തുടങ്ങിയിരിക്കുന്നു.”
en_xx: “And what about me?”,ml_xx: “ഞാനോ? എന്നെക്കുറിച്ചെന്താണ്‌ പറയാനുള്ളത്‌?”
"en_xx: “But there’s a tribal war,” the boy reiterated.","ml_xx: “പക്ഷേ, ഇവിടെ യുദ്ധം തുടര്‍ന്നുകൊണ്ടിരിക്കുകയല്ലേ?” അവന്‍ പിന്നേയും അതുതന്നെ പറഞ്ഞു."
en_xx: “I know what’s happening in the desert.”,ml_xx: [ എ “എനിക്കറിയാം മരുഭൂമിയില്‍ എന്താണ നടക്കുന്നതെന്ന.
"en_xx: “I have already found my treasure. I have a camel, I have my money from the crystal shop, and I have fifty gold pieces. In my own country, I would be a rich man.”",ml_xx: “എന്റെ നിധി ഞാന്‍ കണ്ടെത്തിക്കഴിഞ്ഞിരിക്കുന്നു. എനിക്കിപ്പോള്‍ സ്വന്തമായൊരൊട്ടകമുണ്ട്‌. സ്ഫടികക്കടയില്‍നിന്നു സമ്പാദിച്ച പണമുണ്ട.
"en_xx: “She wasn’t found at the Pyramids, either.”",ml_xx: “അവളേയും കിട്ടിയത്‌ പിരമിഡില്‍നിന്നല്ലല്ലൊ.”
en_xx: “Because the Pyramids are surrounded by the desert.”,"ml_xx: “പിരമിഡുകള്‍ക്കു ചുറ്റും മരുഭൂമിയാണ്‌, അതുതന്നെ.”"
"en_xx: “I’m going to guide you across the desert,” the alchemist said.",ml_xx: “നിന്നെ ഞാന്‍ ഈ മരുഭൂമി കടത്തിത്തരാം.” ആല്‍കെമിസ്റ്റ്‌ പറഞ്ഞു.
"en_xx: “I’ll return, just as your father came back to your mother,” he said.",ml_xx: “നിന്റെ അച്ഛന്‍ നിന്റെ അമ്മയുടെ അരികത്തേക്കു തിരിച്ചു വന്നതു പോലെ ഞാനും ഒരു ദിവസം നിന്റെ അടുത്ത്‌ തിരിച്ചെത്തും.” അവന്‍ വീണ്ടും അവള്‍ക്കുറപ്പുകൊടുത്തു.
"en_xx: “Everything is written in the Soul of the World, and there it will stay forever.”",ml_xx: “ഇതെല്ലാം പ്രപഞ്ചത്തിന്റെ ആത്മാവില്‍ നേരത്തെ എഴുതപ്പെട്ടു കഴിഞ്ഞ താണ്‌. ഇനി അതിന്‌ യാതൊരു മാറ്റവുമുണ്ടാകില്ല.”
en_xx: The man was speaking the language of alchemy. But the boy knew that he was referring to Fatima.,"ml_xx: ആല്‍കെമിസ്റ്റിന്റെ ഭാഷയാണ്‌ അയാള്‍ സംസാരിച്ചിരുന്നത്‌. എന്നാലും അവനു മനസ്സിലായി, അയാള്‍ സൂചിപ്പിച്ചത്‌ ഫാത്തിമയെ ആണെന്ന്‌."
"en_xx: “There is only one way to learn,” the alchemist answered. “It’s through action. Everything you need to know you have learned through your journey. You need to learn only one thing more.”",ml_xx: “ശരിയാണ്‌. അതൊക്കെ മനസ്സിലാക്കാന്‍ ഒരു മാര്‍ഗ്ഗമേയുള്ളു. സ്വന്തം അനുഭവം.” അയാള്‍ പറഞ്ഞു. “പഠിക്കേണ്ടതൊക്കെ ഈ യാത്രയിക്കിടയില്‍ നീ പഠിച്ചു കഴിഞ്ഞിരിക്കുന്നു. ഇനി അറിയേണ്ടതായി ഒന്നു മാ്രം.
en_xx: “Why are you called the alchemist?”,ml_xx: “നിങ്ങളെ എല്ലാവരും ആല്‍കെമിസ്റ്റ്‌ എന്നു വിളിക്കുന്നതെന്തു കൊണ്ടാണ്‌?” അവന്റെ ചോദ്യം.
en_xx: “What is it that I still need to know?” the boy asked.,ml_xx: “ഞാന്‍ പഠിക്കേണ്ടതായി ഇനിയും എന്തെങ്കിലുമൊന്ന്‌ ബാക്കി യുണ്ടോ?”
"en_xx: “Listen to your heart. It knows all things, because it came from the Soul of the World, and it will one day return there.”","ml_xx: “സ്വന്തം ആത്മാവിലേക്കു ശ്രദ്ധതിരിക്കുക. അതിനറിയാത്തതായി ഒന്നുംതന്നെയില്ല. കാരണം, ഈ പ്രപഞ്ചാത്മാവില്‍നിന്നാണ്‌ അത്‌ രൂപം കൊണ്ടിരിക്കുന്നത്‌. ഒരു നാള്‍ അതില്‍ത്തന്നെ ചെന്നു ചേരുകയും ചെയ്യും.”"
"en_xx: “But my heart is agitated,” the boy said. “It has its dreams, it gets emotional, and it’s become passionate over a woman of the desert.","ml_xx: “പക്ഷേ, എന്റെ മനസ്സ്‌ വല്ലാതെ അസ്വസ്ഥമാണല്ലോ?” അവന്‍ സങ്കട പ്പെട്ടു: “അതിന്റെ സ്വപ്നങ്ങള്‍. വികാരങ്ങള്‍. മരുഭൂമിയില്‍ വിട്ടിട്ടുപോന്ന ആ പെണ്‍കുട്ടിയോടു തോന്നുന്ന തീരവമായ പ്രേമം. മനസ്സിന്റെ പ്രേരണ കള്‍. എനിക്കു തടുക്കാനാകുന്നില്ല. അവളെക്കുറിച്ചോര്‍ത്ത്‌ രാത്രി എനിക്കുറ ങ്ങാനും പറ്റുന്നില്ല.”"
"en_xx: “Well, that’s good. Your heart is alive. Keep listening to what it has to say.”","ml_xx: 3129 ആല്‍കെമിസ്റ്റ്‌ “കൊള്ളാം, അത്‌ നല്ല കാര്യമാണല്ലോ. നിന്റെ ഹൃദയം സജീവ മാണെന്നതിന്റെ ലക്ഷണം. ഇനിയും കാതോര്‍ത്തുകൊണ്ടിരിക്കു. അതിനു പറയാനുള്ളതൊക്കെ കേള്‍ക്കു.”"
"en_xx: “Well, then, why should I listen to my heart?”",ml_xx: ൂ “അങ്ങനെയാണെങ്കില്‍ ഞാന്‍ അതു പറയുന്നത്‌ കേള്‍ക്കേണ്ട കാര്യ മില്ലല്ലൊ?”
"en_xx: “Because you will never again be able to keep it quiet. Even if you pretend not to have heard what it tells you, it will always be there inside you, repeating to you what you’re thinking about life and about the world.”","ml_xx: അതു പറ്റില്ല. ഇനിയൊരിക്കലും സ്വന്തം ഹൃദയത്തിന്റെ വായ മൂടാന്‍ നിനക്കാവില്ല. നീ കേള്‍ക്കുന്നില്ലെന്നു നടിച്ചാലും നിന്റെ ഉള്ളിലിരുന്ന്‌ അതു പറഞ്ഞുകൊണ്ടേയിരിക്കും. ലോകത്തെക്കുറിച്ച്‌, ജീവിതത്തെക്കുറിച്ച്‌ നിന ക്കുള്ള വിചാരങ്ങള്‍.”"
"en_xx: “Tell your heart that the fear of suffering is worse than the suffering itself. And that no heart has ever suffered when it goes in search of its dreams, because every second of the search is a second’s encounter with God and with eternity.”","ml_xx: “എന്നാല്‍ നിന്റെ ഹൃദയത്തോട്‌ പറഞ്ഞേക്ക്‌, അതുകൊണ്ട്‌ യാതൊരു പ്രയോജനവുമില്ലെന്ന്‌. യഥാര്‍ത്ഥ വേദനയെക്കാള്‍ ഭയങ്കരമാണ്‌ വേദനി ക്കേണ്ടിവരുമല്ലൊ എന്നു പേടിച്ചുകൊണ്ടുള്ളു വേദന. അല്ലെങ്കിലും ഇതു പോലെ സ്വന്തം സ്വപ്നം സാക്ഷാത്കരിക്കാനുള്ള യാത്രയില്‍ ഒരു ഹൃദ യവും നോവനുഭവിക്കേണ്ടതില്ല. കാരണം, ഈ അന്വേഷണത്തിലെ ഓരോ നിമിഷവും അയാളെ ഈശ്വരന്റെ അനന്തശക്തിയോട്‌ കൂടുതല്‍ കൂടുതല്‍ അടുപ്പിക്കുന്നു. ഓരോ നിമിഷവും ഈശ്വരനുമായുള്ള ഒരു നിമിഷത്തെ കൂടിക്കാഴ്ചയാണ്‌.”"
en_xx: “So what should I do now?” the boy asked.,ml_xx: അവന്‍ ചോദിച്ചു; “ഇനി ഞാന്‍ എന്താണ്‌ ചെയ്യേണ്ടത്‌?”
"en_xx: “We’re going to have to search you to see whether you’re armed,” one of the tribesmen said.",ml_xx: “എന്തായാലും നിങ്ങളെ പരിശോധിക്കേണ്ടിയിരിക്കുന്നു; ആയു ധങ്ങളെന്തെങ്കിലും കൈവശമുണ്ടോ എന്നറിയണം.” അവരിലൊരാള്‍ പറഞ്ഞു.
"en_xx: “Why are you carrying money?” asked the tribesman, when he had searched the boy’s bag.",ml_xx: “കൈയില്‍ പണം കരുതിയിരിക്കുന്നതെന്തിനാണ്‌?” ചോദ്യം അവനോ ടായിരുന്നു. പരിശോധനയ്ക്കിടയില്‍ അവന്റെ സഞ്ചിയിലുള്ള പണം അവര്‍ കണ്ടെത്തിയിരുന്നു.
en_xx: “Does that mean that I’ll never run into danger?”,ml_xx: “അതിന്റെ അര്‍ത്ഥം എനിക്കൊരിക്കലും ഒരാപത്തും പറ്റുകയില്ലെ ന്നാണോ?”
"en_xx: “I’m not going very far,” the alchemist answered, looking straight into the eyes of the horsemen. They were silent for a moment, and then agreed that the boy and the alchemist could move along.",ml_xx: “ഞാന്‍ അധികം ദൂരത്തേക്കൊന്നും പോകുന്നില്ല.” അവരുടെ കണ്ണുക ളിലേക്ക്‌ ഉറ്റുനോക്കിക്കൊണ്ട്‌ ആല്‍കെമിസ്റ്റ്‌ പറഞ്ഞു. അവര്‍ രണ്ടു നിമിഷം എന്തോ ആലോചിച്ചുനിന്നു. പിന്നെ യാത്ര തുടര്‍ന്നോളൂ എന്ന്‌ അനുവാദം കൊടുത്തു.
"en_xx: “You already know about alchemy. It is about penetrating to the Soul of the World, and discovering the treasure that has been reserved for you.”",ml_xx: “ആ വിദ്യ നീ വശമാക്കിക്കഴിഞ്ഞല്ലോ. പ്രപഞ്ചത്തിന്റെ ആത്മാവിലേ ക്കിറങ്ങിച്ചെല്ലുക. അത്‌ നിനക്കുവേണ്ടി കാത്തുസൂക്ഷിച്ചുവെച്ചിട്ടുള്ള നിധി സ്വന്തമാക്കുക. അതുതന്നെയാണ്‌ ആല്‍കെമി.”
"en_xx: “No, that’s not what I mean. I’m talking about transforming lead into gold.”","ml_xx: “അതല്ല ഞാനുദ്ദേശിക്കുന്നത്‌.”""” അവന്‍ പിന്മാറിയില്ല: “എനിക്കു പഠിക്കേണ്ടത്‌, ഈയത്തെ എങ്ങനെ സ്വര്‍ണ്ണമാക്കിമാറ്റാമെന്നാണ്‌.”"
"en_xx: “Men have never understood the words of the wise. So gold, instead of being seen as a symbol of evolution, became the basis for conflict.”","ml_xx: “ അറിവുള്ളവരുടെ വാക്കുകള്‍ സാമാന്യജനങ്ങള്‍ വേണ്ടവിധം ഗ്രഹി ക്കുന്നില്ല. സ്വര്‍ണ്ണം ഒരു പ്രതീകം മാത്രമാണ്‌. പരിണാമത്തിന്റെ, വികാസ ത്തിന്റെ, ഉച്ചകോടി. അതു മനസ്സിലാക്കാന്‍ കഴിവില്ലാത്ത മനുഷ്യന്‍, അതിനെ ഒരു ദ്രവ്യമായി കാണുന്നു. അതിന്റെ പേരില്‍ സംഘര്‍ഷങ്ങള്‍ ഉളവാക്കുന്നു.”"
"en_xx: “I have known true alchemists,” the alchemist continued. “They locked themselves in their laboratories, and tried to evolve, as gold had. And they found the Philosopher’s Stone, because they understood that when something evolves, everything around that thing evolves as well.","ml_xx: “യഥാര്‍ത്ഥ ആല്‍കെമിസ്റ്റുകളെ ഞാന്‍ കണ്ടിട്ടുണ്ട്‌. അവര്‍ പരീക്ഷണ ശാലകളില്‍ അടച്ചുപൂട്ടി ഇരുന്ന്‌ ഒന്നില്‍നിന്ന്‌ കൂടുതല്‍ മെച്ചപ്പെട്ട മറ്റൊ ന്നിനെ വികസിപ്പിച്ചെടുക്കാനുള്ള ശ്രമം നടത്തുന്നു. പരിണാമ്പ്രക്രിയയി ലൂടെ പ്രകൃതി സ്വര്‍ണ്ണത്തിനു രൂപം കൊടുത്തില്ലേ, അതുപോലെ. ആ ശ്രമത്തിനിടയില്‍ കണ്ടുകിട്ടിയതാണ്‌ ചിന്താമണി. അതോടെ ഒരു കാര്യം 136 ആല്‍കെമിസ്റ്റ്‌ കൂടി അവര്‍ മനസ്സിലാക്കി. ഒന്നിനെ മാര്രമായി വികസിപ്പിച്ചെടുക്കുക സാദ്ധ്യ മല്ല. അതിനോടൊപ്പം അതിന്റെ ചുറ്റുമുള്ളതെല്ലാംതന്നെ ആ പരിണാമ ത്തിനു വിധേയമാകുന്നു.”"
"en_xx: “And then there were the others, who were interested only in gold. They never found the secret. They forgot that lead, copper, and iron have their own Personal Legends to fulfill. And anyone who interferes with the Personal Legend of another thing never will discover his own.”",ml_xx: ം “പിന്നെ വേറെ ചിലര്‍. സ്വര്‍ണ്ണത്തില്‍ മാത്രമേ അവര്‍ക്കു താത്പര്യ മുണ്ടായിരുന്നുള്ളു. അങ്ങനെയുള്ളവര്‍ക്കൊന്നും ആ രഹസ്യം കണ്ടെ ത്താനായില്ല. ഈയമായാലും ചെമ്പായാലും ഇരുമ്പായാലും അവയക്കൊ ക്കെയും അവയുടേതായ സ്ഥാനവും പ്രയോജനവും പ്രകൃതിയിലുണ്ടെന്ന്‌ അവര്‍ ഓര്‍മ്മിച്ചില്ല. ശ്രപഞ്ചത്തിലെ ഓരോ സൃഷ്ടിക്കും നിറവേറ്റുവാനായി അതിന്റേതായൊരു ദൌാത്യമുണ്ട്‌. ഇവിടെ ഒന്നുംതന്നെ വെറുതേ എന്നില്ല.
"en_xx: “This desert was once a sea,” he said.",ml_xx: “ഈ മരുഭൂമി പണ്ടുപണ്ട്‌ സമുദ്രമായിരുന്നു.” അയാള്‍ പറഞ്ഞു.
"en_xx: They were tribesmen dressed in blue, with black rings surrounding their turbans. Their faces were hidden behind blue veils, with only their eyes showing.",ml_xx: അവരും ഏതോ ഗോ്രത്തില്‍പ്പെട്ടവരായിരുന്നു. നീല നിറത്തിലുള്ള കുപ്പായങ്ങള്‍. തലപ്പാവിനു ചുറ്റും കറുത്ത വളയങ്ങള്‍. നീല മൂടുപടം കൊണ്ട്‌ മുഖമാകെ മൂടിയിരുന്നു. കണ്ണുകളുടെ സ്ഥാനത്തു മാത്രം രണ്ടു ദ്വാരങ്ങള്‍.
en_xx: “You were seen at the enemy camp three days ago. And you were talking with one of the troops there.”,"ml_xx: “നുണം” ഭടന്മാരില്‍ ഒരാള്‍ കയര്‍ത്തു, “മൂന്നു ദിവസം മുമ്പ്‌ ശത്രു പാളയത്തിനടുത്ത്‌ ഞാനിവരെ കാണുകയുണ്ടായി. അവരിലൊരാളുമായി ഇവര്‍ സംസാരിക്കുകയും ചെയ്തു.”"
en_xx: “Who is your friend?” the chief asked.,ml_xx: “ആരാണ്‌ നിന്‍െറ ചങ്ങാതി?” ചോദിച്ചത്‌ പട്ടാളമേധാവിയായിരുന്നു.
en_xx: “What is a foreigner doing here?” asked another of the men.,ml_xx: “ഇവിടെ എന്തു ചെയ്യുന്നു?” അവരിലൊരാള്‍ തിരക്കി.
"en_xx: “What is an alchemist?” he asked, finally.",ml_xx: 138 പ ആല്‍കെമിസ്റ്റ്‌ ഒടുവില്‍ അയാള്‍ ചോദിച്ചു: “ആല്‍കെമിസ്റ്റ്‌ എന്നു പറഞ്ഞാലെ ന്താണ്‌?”
"en_xx: The alchemist asked one of the soldiers for some tea, and poured some on the boy’s wrists. A wave of relief washed over him, and the alchemist muttered some words that the boy didn’t understand.","ml_xx: സൈനികരില്‍ ഒരാളെ വിളിച്ച്‌ ആല്‍കെമിസ്റ്റ്‌ കുറച്ച്‌ ചായ കൊണ്ടു വരുവിച്ചു. അതില്‍നിന്ന്‌ കുറച്ചെടുത്ത്‌ ഏതോ മ്രന്തങ്ങള്‍ ജപിച്ച്‌ അവന്റെ മണിബന്ധത്തിലൊഴിച്ചു. അവനൊന്നും മനസ്സിലായില്ല. പക്ഷേ, നിമിഷ ങ്ങള്‍ക്കകം പേടിയും പരിര്രമവുമൊഴിഞ്ഞ്‌ മനസ്സ്‌ ശാന്തമായി."
en_xx: “I’m not afraid of failing. It’s just that I don’t know how to turn myself into the wind.”,ml_xx: “തോല്‍ക്കുമെന്ന ഭീതിയല്ല എനിക്ക്‌. കൊടുങ്കാറ്റായി മാറാന്‍ അറി യില്ലല്ലോ എന്ന ആശങ്കയാണ്‌.”
en_xx: “But what if I can’t?”,ml_xx: “അതിനെന്നെക്കൊണ്ടായില്ലെങ്കില്‍?”
en_xx: “What are you doing?”,"ml_xx: ം “ഇപ്പോള്‍, നിങ്ങളെന്താണ്‌ ചെയ്യുന്നത്‌?”"
en_xx: They both spoke the same language.,ml_xx: രണ്ടുപേരും ഒരേ ഭാഷ പറയുന്നു.
en_xx: “So is that what love is?”,ml_xx: “പിന്നെ ഇതിന്റെ ആവശ്യം?”
"en_xx: “I don’t understand what you’re talking about,” the desert said.",ml_xx: “എന്തൊക്കെയാണ്‌ നീ പറയുന്നത്‌? എനിക്കൊന്നും മനസ്സിലാ കുന്നില്ല.” മരുഭൂമി പിറുപിറുത്തു.
"en_xx: A breeze began to blow. The tribesmen watched the boy from a distance, talking among themselves in a language that the boy couldn’t understand.",ml_xx: ചെറിയൊരു കാറ്റുവീശാന്‍ തുടങ്ങി. അകലെ മാറിയിരുന്ന അറബിപ്പട്ടാ ളക്കാര്‍ അവനെത്തന്നെ ഉറ്റുനോക്കുകയായിരുന്നു. പരസ്പരം അവര്‍ സംസാരിച്ചിരുന്നതെന്തെന്ന്‌ അവന്‍ മനസ്സിലാക്കാനായില്ല. കേട്ടു പരിചയ മില്ലാത്ത ഏതോ നാട്ടുഭാഷയായിരുന്നു.
en_xx: “Who taught you to speak the language of the desert and the wind?”,"ml_xx: “ആട്ടെ, ആരാണ്‌ നിന്നെ പഠിപ്പിച്ചത്‌ കാറ്റിന്റെയും മരുഭൂമിയുടെയും ഭാഷ?” കാറ്റിന്‌ വാസ്തവത്തില്‍ അത്ഭുതം തോന്നി."
"en_xx: “That’s not true,” the boy said. “I learned the alchemist’s secrets in my travels. I have inside me the winds, the deserts, the oceans, the stars, and everything created in the universe. We were all made by the same hand, and we have the same soul. I want to be like you, able to reach every corner of the world, cross the seas, blow away the sands that cover my treasure, and carry the voice of the woman I love.”",ml_xx: ഈ പ്രപഞ്ചത്തിലുള്ള സകലതും എന്റെ മനസ്സിലുമുണ്ടെന്ന്‌ എനിക്കു ബോധ്യമായി. കാറ്റും കടലും മലയും മരുഭൂമിയും നക്ഷത്രങ്ങളും എല്ലാം എന്റെ ഉള്ളിലുമുണ്ട്‌. നമ്മളെയൊക്കെ സൃഷ്ടിച്ചിരിക്കുന്നത്‌ ഒരേ കൈകള്‍ തന്നെ. നമ്മുടെയുള്ളില്‍ തുടിക്കുന്നതും ഒരേ പ്രാണന്‍തന്നെ. “എനിക്കു നിന്നെപ്പോലെ വീശാറാകണം.
"en_xx: The wind was a proud being, and it was becoming irritated with what the boy was saying. It commenced to blow harder, raising the desert sands. But finally it had to recognize that, even making its may around the world, it didn’t know how to turn a man into the wind. And it knew nothing about love.","ml_xx: സ്വതേ അഭിമാനിയായ കാറ്റ്‌, അവന്‍ പറഞ്ഞതുകേട്ടപ്പോള്‍ നീരസം തോന്നി. അല്പമൊന്ന്‌ ശക്തിയില്‍ വീശാന്‍ തുടങ്ങി. മരുഭൂമിയിലെ മണല്‍ത്തരികള്‍ പറന്നുപൊന്തി. ലോകം മുഴുവന്‍ ചുറ്റിപ്പറക്കാന്‍ കഴിവുള്ള കാറ്റ്‌ . അവസാനം സമ്മതിച്ചു; മനുഷ്യനെ കാറ്റാക്കി മാറ്റാനുള്ള കഴിവ തനിക്കില്ല. പ്രേമത്തെക്കുറിച്ചും തനിക്ക്‌ യാതൊന്നുമറിഞ്ഞുകൂടാ."
"en_xx: “In my travels around the world, I’ve often seen people speaking of love and looking toward the heavens,” the wind said, furious at having to acknowledge its own limitations. “Maybe it’s better to ask heaven.”",ml_xx: “ലോകം മുഴുവന്‍ സഞ്ചരിക്കുന്നതിനിടയ്ക്ക്‌ പലപ്പോഴും മനുഷ്യര്‍ ആകാശത്തേക്കു നോക്കി പ്രേമത്തെക്കുറിച്ചു സംസാരിക്കുന്നത്‌ ഞാന്‍ കണ്ടിട്ടുണ്ട്‌.” തന്റെ കഴിവുകേടിനെക്കുറിച്ച്‌ കാറ്റിന്‌ തന്നോടുതന്നെ ദേഷ്യം.
"en_xx: “So you know about love,” the boy said.","ml_xx: “അപ്പോള്‍, പ്രേമത്തെക്കുറിച്ച്‌ നിനക്ക്‌ ബോധമുണ്ട്‌.” അവന്‍ ആശ്വാ സമായി."
"en_xx: “Well, why did you say that I don’t know about love?” the sun asked the boy.","ml_xx: “എന്നാലും നീ പറഞ്ഞില്ലേ, പ്രേമത്തെക്കുറിച്ച്‌ ഞാന്‍ പൂര്‍ണ്ണമായും മനസ്സി ലാക്കിയിട്ടില്ലെന്ന്‌. അതിനെന്താണ്‌ കാരണം?”"
en_xx: “So what do you want of me?” the sun asked.,"ml_xx: “അതൊക്കെ ശരി. പക്ഷേ, ഞാനെന്തു ചെയ്യണമെന്നാണ്‌ നീ പറഞ്ഞും കൊണ്ടു വരുന്നത്‌?” സൂര്യന്‍ ചോദിച്ചു."
"en_xx: “Then, whom should I ask?”",ml_xx: “ഇനി ഞാന്‍ ആരോടാണപേക്ഷിക്കേണ്ടത്‌?”
"en_xx: The sun thought for a minute. The wind was listening closely, and wanted to tell every corner of the world that the sun’s wisdom had its limitations. That it was unable to deal with this boy who spoke the Language of the World.",ml_xx: സൂര്യന്‍ ഒരു നിമിഷം ആലോചിച്ചുനിന്നു. എല്ലാം ശ്രദ്ധിച്ചുകൊണ്ടി രുന്ന കാറ്റിന്‌ അപ്പോഴേക്കും തിടുക്കമായി. ഓരോ മുക്കിലും മുലയിലുംചെന്ന്‌ സൂര്യന്റെ കഴിവുകേട്‌ വിളംബരം ചെയ്യാന്‍. പ്രപഞ്ചത്തിന്റെ ഭാഷ സംസാരിക്കുന്ന ആ യുവാവിന്റെ ആവശ്യം നിറവേറ്റിക്കൊടുക്കാന്‍ സൂര്യനു കഴിവില്ലെന്ന കാര്യം ലോകം മുഴുവന്‍ അറിയട്ടെ.
"en_xx: A current of love rushed from his heart, and the boy began to pray. It was a prayer that he had never said before, because it was a prayer without words or pleas. His prayer didn’t give thanks for his sheep having found new pastures; it didn’t ask that the boy be able to sell more crystal; and it didn’t beseech that the woman he had met continue to await his return. In the silence, the boy understood that the desert, the wind, and the sun were also trying to understand the signs written by the hand, and were seeking to follow their paths, and to understand what had been written on a single emerald. He saw that omens were scattered throughout the earth and in space, and that there was no reason or significance attached to their appearance; he could see that not the deserts, nor the winds, nor the sun, nor people knew why they had been created.","ml_xx: ഒരു നിമിഷം. അവന്റെയുള്ളില്‍ സ്നേഹത്തിന്റെ സ്രോതസ്സ്‌ നിറഞ്ഞൊ ഴുകുവാന്‍ തുടങ്ങി. അവന്റെ മനസ്സ്‌ പ്രാര്‍ത്ഥനാനിര്‍ഭരമായി. ആ പ്രാര്‍ത്ഥ നയില്‍ വാക്കുകളോ അപേക്ഷകളോ ഉണ്ടായിരുന്നില്ല. ഇതിനു മുമ്പൊരി ക്കലും അവന്‍ അങ്ങനെ പ്രാര്‍ത്ഥിച്ചിട്ടുമുണ്ടായിരുന്നില്ല. തന്റെ ആടുകള്‍ക്ക്‌ വേണ്ട്ര പുല്ലും വെള്ളവും കിട്ടിയതിന്‌ നന്ദി പറയുകയായിരുന്നില്ല. ധാരാളം ചില്ലുപാര്രതങ്ങള്‍ വിറ്റ്‌ നല്ല ലാഭമുണ്ടാക്കാന്‍ കഴിയണേ എന്ന്‌ ആവശ്യപ്പെടുകയായിരുന്നില്ല. തന്റെ വരവും കാത്തിരിക്കുന്ന പെണ്‍കിടാ വിന്റെ പ്രതീക്ഷ നില നിര്‍ത്തിക്കൊണ്ടുപോരണേ എന്നും അപേക്ഷിക്കു കയായിരുന്നില്ല. തന്നെ ചൂഴ്ന്നു നില്‍ക്കുന്ന കനമാര്‍ന്ന നിശ്ശബ്ദത. അവനു തോന്നി മരുഭൂമിയും കാറ്റും സൂര്യനും തന്റെ പ്രാര്‍ത്ഥനയില്‍ പങ്കുകൊള്ളുക യാണെന്ന്‌. പ്രപഞ്ചസൃഷ്ടി നടത്തിയ ആ കൈകളുടെ മുദ്രകള്‍ മനസ്സി ലാക്കാന്‍ ശ്രമം നടത്തുകയാണെന്ന്‌ . അതു വഴി അവനവന്റേതായ വീഥി കള്‍ പിന്‍തുടരാന്‍ ബദ്ധപ്പെടുകയാണെന്ന്‌. ആ മരതക ഫലകത്തിലെ കുറിമാനം മനസ്സിലാക്കാന്‍ പ്രയാസപ്പെടുകയാണെന്ന്‌. പലതരത്തിലുള്ള ശകുനങ്ങളും നിമിത്തങ്ങളും ലക്ഷണങ്ങളുംകൊണ്ട്‌ ആകാശവും ഭൂമിയും നിറഞ്ഞിരിക്കുന്നു. പക്ഷേ, അതിന്റെ പുറകിലൊന്നും പ്രത്യേകിച്ചൊരു അര്‍ത്ഥമോ യുക്തിയോ ഇല്ല. കാറ്റിനോ മരുഭൂമിക്കോ സൂര്യനോ മനു ഷ്യനോ അറിയാന്‍ കഴിവില്ല, എന്തുദ്ദേശ്ൃയത്തോടുകൂടിയാണ്‌ തന്നെ ഈശ്വരന്‍ സൃഷ്ടിച്ചിരിക്കുന്നതെന്ന്‌. എന്നാല്‍ ആ കൈകളുടെ സങ്കല്പ 148 ആല്‍കെമിസ്റ്റ്‌ ത്തിലുണ്ട്‌ ഓരോ സൃഷ്ടികൊണ്ടും നിറവേറ്റപ്പെടേണ്ടെ ഒരു ദൌത്യം. അത്ഭു തങ്ങള്‍ കാട്ടാനും പ്രവര്‍ത്തിക്കാനുമുള്ള സ്വാതന്ത്യം ആ കൈ കള്‍ക്കു മാര്രം അവകാശപ്പെട്ടതാണ്‌. കടലിനെ മരുഭൂമിയാക്കാനും മനുഷ്ൃനെ കാറ്റാക്കി മാറ്റാനും ആ കൈകള്‍ക്കു മാത്രമേ കഴിയു. ആ കൈകള്‍ക്കു മാത്രമേ അറിയു അഞ്ചു ദിവസത്തെ സൃഷ്ടി തുടര്‍ന്നത്‌ അതിബൃഹത്തായ ഒരു പദ്ധതിയുടെ പരിസമാപ്തി എന്ന നിലയ്ക്കാണ്‌ എന്ന്‌. അന്നേ സൃഷ്ടി അതിന്റെ പരമകാഷ്ഠയിലെത്തിച്ചേരുകയുണ്ടായുള്ളു."
en_xx: “Will I learn to do that someday?” the boy asked.,ml_xx: “എനിക്കും ഇതുപോലൊരു ദിവസം ചെയ്യാന്‍ സാധിക്കുമോ?” ആല്‍ കെമിസ്റ്റിനോടവന്‍ ചോദിച്ചു.
"en_xx: “This was my Personal Legend, not yours,” the alchemist answered. “But I wanted to show you that it was possible.”","ml_xx: “ഇത്‌ എന്റെ ജീവിതത്തിന്റെ ദൌത്യമാണ്‌, നിന്റേതല്ല.” തികഞ്ഞ ഗര വത്തോടെ അയാള്‍ മറുപടി പറഞ്ഞു: “ഇതൊക്കെ സാദ്ധ്യമാണെന്ന്‌ നിനക്കു കാട്ടിത്തന്നു എന്നുമാത്രം.”"
"en_xx: “One night, the father had a dream. An angel appeared to him, and told him that the words of one of his sons would be learned and repeated throughout the world for all generations to come. The father woke from his dream grateful and crying, because life was generous, and had revealed to him something any father would be proud to know.","ml_xx: ഒരു രാത്രി അച്ഛനൊരു സ്വപ്നം കണ്ടു. ഒരു മാലാ യുന്നു, നിന്റെ മക്കളില്‍ ഒരാളുടെ വാക്കുകള്‍ ൽ ത യ ഏറ്റുപറയും. എത്രയോ തലമുറകള്‍ ആ വാക്കുകള്‍ മനഃപാഠമാക്കും. അയാ ളുടെ ഉറക്കം തെളിഞ്ഞു. മനസ്സില്‍ നിറഞ്ഞു തുളുമ്പുന്ന ആഹ്ളാദം. കൃത ത തം അഭിമാനപുളകിതനാക്കുന്ന വാക്കുകള്‍. വിധി ന്നാടു കനിവു കാട്ടിയതലലേ."
"en_xx: “Shortly thereafter, the father died as he tried to save a child who was about to be crushed by the wheels of a chariot. Since he had lived his entire life in a manner that was correct and fair, he went directly to heaven, where he met the angel that had appeared in his dream.","ml_xx: തി മ ളം ടം ല്ലേ. വരാന്‍ പോകുന്ന ഭാഗ്യം നേരത്തെതന്നെ ""അധികം താമസിയാതെ അച്ഛന്‍ മരിച്ചു. രഥച്രരങ്ങള്‍ക്കിട യില്‍പ്പെട്ട്‌ ചതഞ്ഞുപോകുമായിരുന്ന ഒരു കൊച്ചുകുട്ടിയെ രക്ഷപ്പെട ത്താന്‍ ശ്രമിക്കുന്നതിനിടയില്‍ അയാള്‍ സ്വയം യ യു സത്യസന്ധനും സത്സ്വഭാവിയുമായി ആയുഷ്കാലം മുഴുവന്‍ കഴിച്ചു യി അയാള്‍ മരണശേഷം നേരെ ചെന്നത്‌ സ്വര്‍ഗ്ഗത്തിലേക്കായി ന്നു. സ്വ കം പനത്തില്‍ പ്രത്യക്ഷപ്പെട്ട മാലാഖയെ അവിടെ അയാള്‍ നേരിട്ടു [ “മാലാഖ പറഞ്ഞു: “നന്മ നിറഞ്ഞൊരു ജീവിതമായിരുന്നു നിങ്ങളുടേത്‌ സനേഹിച്ചും സഹായിച്ചും കാലം കഴിച്ചു. അന്തസ്സായിത്തന്നെ മരിക്കുകയും ന ഏതു വരം വേണമെങ്കിലും ചോദിച്ചോളൂ. ഞാനത്‌ നിങ്ങള്‍ക്ക്‌ രാം."
"en_xx: As he was about to climb yet another dune, his heart whispered, “Be aware of the place where you are brought to tears. That’s where I am, and that’s where your treasure is.”",ml_xx: മുമ്പില്‍ മറ്റൊരു മണല്‍ക്കൂന. അതു കയറി മറയാന്‍ തുടങ്ങവേ അവന്റെ ഹൃദയം മ്ര്ത്രിച്ചു: “ഇവിടെയെവിടെയെങ്കിലും വെച്ച്‌ നീ കര യാനിടയായാല്‍ അവിടെയാണെന്റെ സ്ഥാനം. നീ തേടുന്ന നിധിയും അവി ടെത്തന്നെ. കരുതിയിരുന്നോളൂ.”
"en_xx: The boy stood up shakily, and looked once more at the Pyramids. They seemed to laugh at him, and he laughed back, his heart bursting with joy.",ml_xx: അവന്‍ ഒരിക്കല്‍കൂടി പിരമിഡുകളുടെ നേരെ നോക്കി. അവ തന്നെ നോക്കി പരിഹസിച്ചു ചിരിക്കുകയാണോ? അവനും തോന്നി ഒന്നുറക്കെ പൊട്ടിച്ചിരി ക്കാന്‍.
"en_xx: It’s true; life really is generous to those who pursue their Personal Legend, the boy thought. Then he remembered that he had to get to Tarifa so he could give one-tenth of his treasure to the Gypsy woman, as he had promised. Those Gypsies are really smart, he thought. Maybe it was because they moved around so much.","ml_xx: ശരിയാണ്‌. സ്വന്തം ദൌതൃത്തെക്കുറിച്ച്‌ ബോധമുള്ളവരുടെ മുമ്പില്‍ ജീവിതം എത്ര ഉദാരമായാണ്‌ വന്നുനില്‍ക്കുന്നത്‌. ഇടയില്‍ ഒരു കാര്യംകൂടി അവനോര്‍ത്തു: ടരീഫയില്‍ ചെല്ലണം, ആ ജിപ്സിത്തള്ളയെ കണ്ടുപിടി ക്കണം. നിധി കിട്ടിയാല്‍ അതില്‍നിന്ന്‌ പത്തിലൊന്ന്‌ അവര്‍ക്കു കൊടുത്തു കൊള്ളാമെന്ന്‌ അന്ന്‌ വാക്കു പറഞ്ഞിട്ടുള്ളതാണ്‌. ഏതായാലും ജിപ്സിക ളുടെ സാമര്‍ത്ഥ്യം ഒന്നുവേറെതന്നെ. ഒരുപക്ഷേ, നാടുമുഴുവന്‍ ചുറ്റിത്തിരി യുന്നതുകൊണ്ടാകുമോ അവര്‍ക്കിത്രയധികം മിടുക്ക്‌!"
"en_xx: “I’m coming, Fatima,” he said.",ml_xx: അവന്‍ ഉറക്കെ വിളിച്ചുപറഞ്ഞു: “ഫാത്തിമാ ദാ... ഞാന്‍ വരികയായി.”
